X,Y,Z,Angle,RSSI_1,RSSI_2,RSSI_3,RSSI_4,RSSI_5,RSSI_6,RSSI_7,Label
1.565999984741211,2.657000064849853,0.5969999432563782,90.0,-63,-79,-82,-81,-66,-85,-89,1
1.565999984741211,2.657000064849853,0.5969999432563782,90.0,-74,-78,-85,-83,-65,-77,-87,1
1.565999984741211,2.657000064849853,0.5969999432563782,90.0,-63,-87,-83,-81,-69,-83,-82,1
1.565999984741211,2.657000064849853,0.5969999432563782,90.0,-74,-78,-83,-83,-66,-80,-79,1
1.565999984741211,2.657000064849853,0.5969999432563782,90.0,-63,-87,-84,-81,-66,-77,-83,1
1.565999984741211,2.657000064849853,0.5969999432563782,90.0,-74,-78,-83,-81,-66,-82,-79,1
1.565999984741211,2.657000064849853,0.5969999432563782,90.0,-63,-87,-86,-82,-69,-79,-83,1
1.565999984741211,2.657000064849853,0.5969999432563782,90.0,-74,-79,-84,-82,-66,-76,-79,1
1.565999984741211,2.657000064849853,0.5969999432563782,90.0,-63,-79,-85,-81,-65,-87,-87,1
1.565999984741211,2.657000064849853,0.5969999432563782,90.0,-63,-89,-84,-82,-68,-77,-83,1
1.565999984741211,2.657000064849853,0.5969999432563782,90.0,-74,-79,-85,-85,-65,-83,-79,1
1.565999984741211,2.657000064849853,0.5969999432563782,90.0,-63,-78,-84,-88,-69,-76,-88,1
1.565999984741211,2.657000064849853,0.5969999432563782,90.0,-74,-86,-86,-84,-66,-84,-81,1
1.565999984741211,2.657000064849853,0.5969999432563782,90.0,-63,-88,-85,-89,-65,-83,-79,1
1.565999984741211,2.657000064849853,0.5969999432563782,90.0,-73,-83,-86,-86,-68,-77,-81,1
1.565999984741211,2.657000064849853,0.5969999432563782,90.0,-63,-80,-89,-86,-65,-83,-79,1
1.565999984741211,2.657000064849853,0.5969999432563782,90.0,-73,-86,-84,-86,-66,-78,-84,1
1.565999984741211,2.657000064849853,0.5969999432563782,90.0,-57,-81,-84,-86,-70,-81,-83,1
1.565999984741211,2.657000064849853,0.5969999432563782,90.0,-58,-78,-84,-86,-66,-88,-79,1
1.565999984741211,2.657000064849853,0.5969999432563782,90.0,-58,-86,-86,-86,-69,-78,-85,1
1.565999984741211,2.657000064849853,0.5969999432563782,90.0,-57,-81,-86,-86,-66,-82,-82,1
1.565999984741211,2.657000064849853,0.5969999432563782,90.0,-58,-78,-86,-86,-66,-89,-79,1
1.565999984741211,2.657000064849853,0.5969999432563782,90.0,-57,-89,-84,-89,-70,-77,-85,1
1.565999984741211,2.657000064849853,0.5969999432563782,90.0,-58,-78,-89,-85,-66,-84,-79,1
1.565999984741211,2.657000064849853,0.5969999432563782,90.0,-58,-88,-84,-87,-67,-76,-78,1
1.565999984741211,2.657000064849853,0.5969999432563782,90.0,-57,-78,-85,-87,-70,-81,-82,1
1.565999984741211,2.657000064849853,0.5969999432563782,90.0,-58,-87,-84,-84,-66,-81,-79,1
1.565999984741211,2.657000064849853,0.5969999432563782,90.0,-58,-77,-85,-87,-67,-76,-79,1
1.565999984741211,2.657000064849853,0.5969999432563782,90.0,-57,-86,-85,-88,-70,-81,-81,1
1.565999984741211,2.657000064849853,0.5969999432563782,90.0,-58,-81,-89,-86,-66,-78,-79,1
1.565999984741211,2.657000064849853,0.5969999432563782,90.0,-58,-78,-86,-86,-66,-81,-79,1
1.565999984741211,2.657000064849853,0.5969999432563782,90.0,-57,-87,-89,-87,-66,-80,-82,1
1.565999984741211,2.657000064849853,0.5969999432563782,90.0,-58,-79,-84,-84,-66,-78,-79,1
1.565999984741211,2.657000064849853,0.5969999432563782,90.0,-58,-84,-84,-86,-70,-80,-83,1
1.565999984741211,2.657000064849853,0.5969999432563782,90.0,-57,-78,-89,-87,-66,-86,-79,1
1.565999984741211,2.657000064849853,0.5969999432563782,90.0,-58,-86,-89,-84,-66,-78,-82,1
1.565999984741211,2.657000064849853,0.5969999432563782,90.0,-57,-78,-84,-85,-70,-80,-79,1
1.565999984741211,2.657000064849853,0.5969999432563782,90.0,-58,-84,-89,-87,-66,-77,-79,1
1.565999984741211,2.657000064849853,0.5969999432563782,90.0,-58,-81,-84,-88,-66,-81,-81,1
1.565999984741211,2.657000064849853,0.5969999432563782,90.0,-57,-78,-85,-85,-66,-76,-79,1
1.565999984741211,2.657000064849853,0.5969999432563782,90.0,-58,-86,-84,-86,-67,-84,-86,1
1.565999984741211,2.657000064849853,0.5969999432563782,90.0,-57,-81,-84,-87,-66,-81,-81,1
1.565999984741211,2.657000064849853,0.5969999432563782,90.0,-58,-79,-84,-86,-67,-77,-79,1
1.565999984741211,2.657000064849853,0.5969999432563782,90.0,-58,-86,-85,-87,-70,-82,-81,1
1.565999984741211,2.657000064849853,0.5969999432563782,90.0,-57,-81,-84,-88,-65,-78,-79,1
1.565999984741211,2.657000064849853,0.5969999432563782,90.0,-58,-78,-85,-85,-66,-81,-82,1
1.565999984741211,2.657000064849853,0.5969999432563782,90.0,-58,-85,-89,-86,-70,-79,-79,1
1.565999984741211,2.657000064849853,0.5969999432563782,90.0,-57,-81,-84,-88,-66,-77,-88,1
1.565999984741211,2.657000064849853,0.5969999432563782,90.0,-57,-78,-86,-86,-66,-81,-81,1
1.565999984741211,2.657000064849853,0.5969999432563782,90.0,-58,-84,-89,-86,-69,-78,-79,1
1.565999984741211,2.657000064849853,0.5969999432563782,90.0,-57,-81,-84,-88,-66,-82,-86,1
1.565999984741211,2.657000064849853,0.5969999432563782,90.0,-58,-77,-84,-85,-65,-76,-81,1
1.565999984741211,2.657000064849853,0.5969999432563782,90.0,-58,-84,-83,-87,-70,-80,-79,1
1.565999984741211,2.657000064849853,0.5969999432563782,90.0,-57,-81,-86,-88,-65,-76,-82,1
1.565999984741211,2.657000064849853,0.5969999432563782,90.0,-58,-78,-85,-86,-66,-79,-79,1
1.565999984741211,2.657000064849853,0.5969999432563782,90.0,-57,-86,-85,-86,-70,-86,-86,1
1.565999984741211,2.657000064849853,0.5969999432563782,90.0,-58,-78,-86,-86,-66,-76,-81,1
1.565999984741211,2.657000064849853,0.5969999432563782,90.0,-58,-86,-83,-87,-67,-81,-79,1
1.565999984741211,2.657000064849853,0.5969999432563782,90.0,-57,-84,-86,-86,-65,-84,-86,1
1.565999984741211,2.657000064849853,0.5969999432563782,90.0,-58,-79,-86,-86,-66,-77,-81,1
1.565999984741211,2.657000064849853,0.5969999432563782,90.0,-58,-84,-83,-89,-66,-80,-79,1
1.565999984741211,2.657000064849853,0.5969999432563782,90.0,-57,-79,-86,-87,-66,-83,-82,1
1.565999984741211,2.657000064849853,0.5969999432563782,90.0,-58,-79,-83,-86,-66,-84,-79,1
1.565999984741211,2.657000064849853,0.5969999432563782,90.0,-58,-89,-86,-86,-66,-99,-86,1
1.565999984741211,2.657000064849853,0.5969999432563782,90.0,-57,-82,-82,-86,-65,-99,-81,1
1.565999984741211,2.657000064849853,0.5969999432563782,90.0,-58,-77,-87,-89,-66,-99,-79,1
1.565999984741211,2.657000064849853,0.5969999432563782,90.0,-58,-86,-84,-87,-66,-99,-86,1
1.565999984741211,2.657000064849853,0.5969999432563782,90.0,-57,-78,-86,-85,-66,-99,-81,1
1.565999984741211,2.657000064849853,0.5969999432563782,90.0,-58,-81,-84,-88,-65,-99,-79,1
1.565999984741211,2.657000064849853,0.5969999432563782,90.0,-57,-78,-87,-86,-66,-99,-81,1
1.565999984741211,2.657000064849853,0.5969999432563782,90.0,-58,-89,-86,-86,-69,-99,-79,1
1.565999984741211,2.657000064849853,0.5969999432563782,90.0,-58,-78,-84,-89,-65,-99,-79,1
1.565999984741211,2.657000064849853,0.5969999432563782,90.0,-57,-84,-86,-85,-66,-99,-79,1
1.565999984741211,2.657000064849853,0.5969999432563782,90.0,-58,-85,-88,-87,-69,-99,-81,1
1.565999984741211,2.657000064849853,0.5969999432563782,90.0,-58,-84,-99,-86,-65,-99,-78,1
1.565999984741211,2.657000064849853,0.5969999432563782,90.0,-57,-76,-99,-89,-66,-99,-78,1
1.565999984741211,2.657000064849853,0.5969999432563782,90.0,-58,-86,-99,-89,-69,-99,-78,1
1.565999984741211,2.657000064849853,0.5969999432563782,90.0,-58,-81,-99,-85,-65,-99,-99,1
1.565999984741211,2.657000064849853,0.5969999432563782,90.0,-57,-79,-99,-88,-66,-99,-99,1
1.565999984741211,2.657000064849853,0.5969999432563782,90.0,-58,-85,-99,-89,-67,-99,-99,1
1.565999984741211,2.657000064849853,0.5969999432563782,90.0,-58,-81,-99,-86,-69,-99,-99,1
1.565999984741211,2.657000064849853,0.5969999432563782,90.0,-57,-76,-99,-86,-65,-99,-99,1
1.565999984741211,2.657000064849853,0.5969999432563782,90.0,-57,-87,-99,-86,-66,-99,-99,1
1.565999984741211,2.657000064849853,0.5969999432563782,90.0,-99,-81,-99,-86,-70,-99,-99,1
1.565999984741211,2.657000064849853,0.5969999432563782,90.0,-99,-77,-99,-99,-65,-99,-99,1
1.565999984741211,2.657000064849853,0.5969999432563782,90.0,-99,-86,-99,-99,-66,-99,-99,1
1.565999984741211,2.657000064849853,0.5969999432563782,90.0,-99,-81,-99,-99,-69,-99,-99,1
1.565999984741211,2.657000064849853,0.5969999432563782,90.0,-99,-79,-99,-99,-65,-99,-99,1
1.565999984741211,2.657000064849853,0.5969999432563782,90.0,-99,-88,-99,-99,-66,-99,-99,1
1.565999984741211,2.657000064849853,0.5969999432563782,90.0,-99,-81,-99,-99,-70,-99,-99,1
1.565999984741211,2.657000064849853,0.5969999432563782,90.0,-99,-78,-99,-99,-65,-99,-99,1
1.565999984741211,2.657000064849853,0.5969999432563782,90.0,-99,-86,-99,-99,-67,-99,-99,1
1.565999984741211,2.657000064849853,0.5969999432563782,90.0,-99,-81,-99,-99,-66,-99,-99,1
1.565999984741211,2.657000064849853,0.5969999432563782,90.0,-99,-78,-99,-99,-67,-99,-99,1
1.565999984741211,2.657000064849853,0.5969999432563782,90.0,-99,-87,-99,-99,-66,-99,-99,1
1.565999984741211,2.657000064849853,0.5969999432563782,90.0,-99,-81,-99,-99,-66,-99,-99,1
1.565999984741211,2.657000064849853,0.5969999432563782,90.0,-99,-78,-99,-99,-66,-99,-99,1
1.565999984741211,2.657000064849853,0.5969999432563782,90.0,-99,-86,-99,-99,-99,-99,-99,1
1.565999984741211,2.657000064849853,0.5969999432563782,90.0,-99,-82,-99,-99,-99,-99,-99,1
1.565999984741211,2.657000064849853,0.5969999432563782,90.0,-99,-77,-99,-99,-99,-99,-99,1
1.565999984741211,2.657000064849853,0.5969999432563782,90.0,-99,-85,-99,-99,-99,-99,-99,1
2.8410000801086426,4.565999984741211,0.9720000624656676,90.0,-56,-71,-87,-81,-65,-76,-77,2
2.8410000801086426,4.565999984741211,0.9720000624656676,90.0,-55,-77,-88,-77,-66,-71,-80,2
2.8410000801086426,4.565999984741211,0.9720000624656676,90.0,-55,-73,-85,-81,-68,-67,-85,2
2.8410000801086426,4.565999984741211,0.9720000624656676,90.0,-58,-72,-86,-78,-66,-76,-78,2
2.8410000801086426,4.565999984741211,0.9720000624656676,90.0,-56,-77,-89,-77,-65,-72,-80,2
2.8410000801086426,4.565999984741211,0.9720000624656676,90.0,-55,-74,-85,-81,-68,-68,-84,2
2.8410000801086426,4.565999984741211,0.9720000624656676,90.0,-58,-72,-87,-78,-66,-77,-78,2
2.8410000801086426,4.565999984741211,0.9720000624656676,90.0,-56,-76,-89,-81,-65,-72,-81,2
2.8410000801086426,4.565999984741211,0.9720000624656676,90.0,-55,-74,-86,-78,-68,-68,-85,2
2.8410000801086426,4.565999984741211,0.9720000624656676,90.0,-55,-72,-88,-78,-66,-76,-76,2
2.8410000801086426,4.565999984741211,0.9720000624656676,90.0,-56,-76,-85,-84,-65,-72,-79,2
2.8410000801086426,4.565999984741211,0.9720000624656676,90.0,-55,-74,-86,-79,-68,-67,-86,2
2.8410000801086426,4.565999984741211,0.9720000624656676,90.0,-65,-72,-88,-79,-66,-76,-77,2
2.8410000801086426,4.565999984741211,0.9720000624656676,90.0,-61,-77,-86,-79,-66,-72,-79,2
2.8410000801086426,4.565999984741211,0.9720000624656676,90.0,-61,-73,-89,-86,-68,-76,-84,2
2.8410000801086426,4.565999984741211,0.9720000624656676,90.0,-68,-72,-85,-79,-65,-81,-77,2
2.8410000801086426,4.565999984741211,0.9720000624656676,90.0,-65,-76,-78,-79,-65,-87,-80,2
2.8410000801086426,4.565999984741211,0.9720000624656676,90.0,-62,-74,-81,-79,-68,-76,-85,2
2.8410000801086426,4.565999984741211,0.9720000624656676,90.0,-68,-72,-79,-86,-66,-81,-77,2
2.8410000801086426,4.565999984741211,0.9720000624656676,90.0,-65,-76,-80,-84,-66,-86,-81,2
2.8410000801086426,4.565999984741211,0.9720000624656676,90.0,-61,-73,-89,-79,-68,-75,-75,2
2.8410000801086426,4.565999984741211,0.9720000624656676,90.0,-68,-72,-79,-79,-73,-82,-83,2
2.8410000801086426,4.565999984741211,0.9720000624656676,90.0,-65,-73,-81,-79,-81,-84,-82,2
2.8410000801086426,4.565999984741211,0.9720000624656676,90.0,-61,-71,-89,-79,-73,-75,-75,2
2.8410000801086426,4.565999984741211,0.9720000624656676,90.0,-68,-71,-79,-85,-62,-80,-84,2
2.8410000801086426,4.565999984741211,0.9720000624656676,90.0,-65,-73,-81,-85,-81,-84,-82,2
2.8410000801086426,4.565999984741211,0.9720000624656676,90.0,-61,-71,-89,-79,-74,-75,-76,2
2.8410000801086426,4.565999984741211,0.9720000624656676,90.0,-61,-71,-79,-85,-62,-80,-84,2
2.8410000801086426,4.565999984741211,0.9720000624656676,90.0,-61,-72,-81,-84,-79,-86,-83,2
2.8410000801086426,4.565999984741211,0.9720000624656676,90.0,-68,-73,-89,-79,-74,-76,-75,2
2.8410000801086426,4.565999984741211,0.9720000624656676,90.0,-65,-72,-79,-86,-62,-79,-85,2
2.8410000801086426,4.565999984741211,0.9720000624656676,90.0,-61,-71,-81,-86,-79,-75,-75,2
2.8410000801086426,4.565999984741211,0.9720000624656676,90.0,-68,-71,-79,-84,-73,-80,-84,2
2.8410000801086426,4.565999984741211,0.9720000624656676,90.0,-65,-72,-81,-79,-62,-76,-82,2
2.8410000801086426,4.565999984741211,0.9720000624656676,90.0,-62,-71,-79,-87,-78,-79,-75,2
2.8410000801086426,4.565999984741211,0.9720000624656676,90.0,-65,-71,-81,-83,-74,-76,-76,2
2.8410000801086426,4.565999984741211,0.9720000624656676,90.0,-61,-73,-89,-78,-62,-79,-82,2
2.8410000801086426,4.565999984741211,0.9720000624656676,90.0,-65,-71,-79,-87,-79,-75,-76,2
2.8410000801086426,4.565999984741211,0.9720000624656676,90.0,-61,-73,-81,-83,-74,-78,-75,2
2.8410000801086426,4.565999984741211,0.9720000624656676,90.0,-68,-71,-89,-78,-63,-75,-76,2
2.8410000801086426,4.565999984741211,0.9720000624656676,90.0,-65,-72,-79,-78,-79,-79,-84,2
2.8410000801086426,4.565999984741211,0.9720000624656676,90.0,-61,-73,-81,-88,-73,-75,-82,2
2.8410000801086426,4.565999984741211,0.9720000624656676,90.0,-61,-71,-81,-83,-63,-79,-75,2
2.8410000801086426,4.565999984741211,0.9720000624656676,90.0,-68,-73,-89,-78,-79,-89,-76,2
2.8410000801086426,4.565999984741211,0.9720000624656676,90.0,-65,-71,-79,-84,-73,-76,-76,2
2.8410000801086426,4.565999984741211,0.9720000624656676,90.0,-61,-72,-81,-78,-62,-81,-81,2
2.8410000801086426,4.565999984741211,0.9720000624656676,90.0,-68,-73,-89,-87,-79,-76,-75,2
2.8410000801086426,4.565999984741211,0.9720000624656676,90.0,-65,-71,-79,-84,-73,-79,-81,2
2.8410000801086426,4.565999984741211,0.9720000624656676,90.0,-61,-72,-81,-78,-63,-79,-76,2
2.8410000801086426,4.565999984741211,0.9720000624656676,90.0,-68,-73,-79,-87,-79,-80,-81,2
2.8410000801086426,4.565999984741211,0.9720000624656676,90.0,-65,-71,-81,-84,-73,-89,-76,2
2.8410000801086426,4.565999984741211,0.9720000624656676,90.0,-61,-72,-89,-78,-62,-76,-83,2
2.8410000801086426,4.565999984741211,0.9720000624656676,90.0,-68,-73,-79,-78,-80,-81,-82,2
2.8410000801086426,4.565999984741211,0.9720000624656676,90.0,-64,-71,-82,-78,-74,-81,-75,2
2.8410000801086426,4.565999984741211,0.9720000624656676,90.0,-61,-71,-79,-84,-62,-76,-84,2
2.8410000801086426,4.565999984741211,0.9720000624656676,90.0,-68,-73,-81,-86,-79,-82,-83,2
2.8410000801086426,4.565999984741211,0.9720000624656676,90.0,-65,-72,-82,-84,-74,-77,-75,2
2.8410000801086426,4.565999984741211,0.9720000624656676,90.0,-61,-71,-89,-78,-63,-80,-83,2
2.8410000801086426,4.565999984741211,0.9720000624656676,90.0,-68,-73,-79,-79,-79,-79,-84,2
2.8410000801086426,4.565999984741211,0.9720000624656676,90.0,-65,-72,-81,-84,-73,-78,-76,2
2.8410000801086426,4.565999984741211,0.9720000624656676,90.0,-61,-72,-79,-78,-62,-81,-84,2
2.8410000801086426,4.565999984741211,0.9720000624656676,90.0,-67,-73,-82,-87,-79,-78,-83,2
2.8410000801086426,4.565999984741211,0.9720000624656676,90.0,-65,-71,-89,-84,-73,-79,-76,2
2.8410000801086426,4.565999984741211,0.9720000624656676,90.0,-61,-71,-79,-78,-62,-89,-84,2
2.8410000801086426,4.565999984741211,0.9720000624656676,90.0,-68,-73,-82,-78,-79,-79,-81,2
2.8410000801086426,4.565999984741211,0.9720000624656676,90.0,-64,-71,-79,-83,-74,-89,-76,2
2.8410000801086426,4.565999984741211,0.9720000624656676,90.0,-61,-72,-82,-78,-62,-79,-83,2
2.8410000801086426,4.565999984741211,0.9720000624656676,90.0,-61,-73,-79,-83,-79,-79,-83,2
2.8410000801086426,4.565999984741211,0.9720000624656676,90.0,-65,-71,-81,-78,-74,-79,-76,2
2.8410000801086426,4.565999984741211,0.9720000624656676,90.0,-61,-72,-89,-84,-62,-88,-85,2
2.8410000801086426,4.565999984741211,0.9720000624656676,90.0,-68,-73,-79,-78,-79,-78,-81,2
2.8410000801086426,4.565999984741211,0.9720000624656676,90.0,-65,-71,-81,-84,-74,-81,-76,2
2.8410000801086426,4.565999984741211,0.9720000624656676,90.0,-61,-72,-79,-78,-62,-78,-85,2
2.8410000801086426,4.565999984741211,0.9720000624656676,90.0,-65,-73,-81,-84,-79,-80,-82,2
2.8410000801086426,4.565999984741211,0.9720000624656676,90.0,-61,-71,-79,-78,-74,-78,-75,2
2.8410000801086426,4.565999984741211,0.9720000624656676,90.0,-64,-73,-81,-99,-63,-81,-82,2
2.8410000801086426,4.565999984741211,0.9720000624656676,90.0,-61,-71,-79,-99,-79,-87,-76,2
2.8410000801086426,4.565999984741211,0.9720000624656676,90.0,-68,-72,-81,-99,-73,-76,-81,2
2.8410000801086426,4.565999984741211,0.9720000624656676,90.0,-65,-73,-80,-99,-62,-80,-76,2
2.8410000801086426,4.565999984741211,0.9720000624656676,90.0,-61,-71,-81,-99,-79,-89,-82,2
2.8410000801086426,4.565999984741211,0.9720000624656676,90.0,-68,-72,-79,-99,-74,-76,-75,2
2.8410000801086426,4.565999984741211,0.9720000624656676,90.0,-65,-71,-81,-99,-62,-81,-81,2
2.8410000801086426,4.565999984741211,0.9720000624656676,90.0,-61,-73,-79,-99,-80,-86,-75,2
2.8410000801086426,4.565999984741211,0.9720000624656676,90.0,-68,-72,-81,-99,-73,-76,-82,2
2.8410000801086426,4.565999984741211,0.9720000624656676,90.0,-65,-73,-89,-99,-63,-83,-82,2
2.8410000801086426,4.565999984741211,0.9720000624656676,90.0,-68,-72,-79,-99,-80,-77,-75,2
2.8410000801086426,4.565999984741211,0.9720000624656676,90.0,-65,-72,-81,-99,-74,-80,-82,2
2.8410000801086426,4.565999984741211,0.9720000624656676,90.0,-61,-73,-79,-99,-63,-99,-81,2
2.8410000801086426,4.565999984741211,0.9720000624656676,90.0,-68,-72,-82,-99,-80,-99,-76,2
2.8410000801086426,4.565999984741211,0.9720000624656676,90.0,-65,-72,-79,-99,-74,-99,-81,2
2.8410000801086426,4.565999984741211,0.9720000624656676,90.0,-61,-73,-81,-99,-63,-99,-76,2
2.8410000801086426,4.565999984741211,0.9720000624656676,90.0,-65,-71,-79,-99,-79,-99,-81,2
2.8410000801086426,4.565999984741211,0.9720000624656676,90.0,-61,-71,-81,-99,-74,-99,-76,2
2.8410000801086426,4.565999984741211,0.9720000624656676,90.0,-99,-71,-80,-99,-62,-99,-99,2
2.8410000801086426,4.565999984741211,0.9720000624656676,90.0,-99,-72,-80,-99,-73,-99,-99,2
2.8410000801086426,4.565999984741211,0.9720000624656676,90.0,-99,-71,-79,-99,-62,-99,-99,2
2.8410000801086426,4.565999984741211,0.9720000624656676,90.0,-99,-99,-81,-99,-63,-99,-99,2
2.8410000801086426,4.565999984741211,0.9720000624656676,90.0,-99,-99,-79,-99,-80,-99,-99,2
2.8410000801086426,4.565999984741211,0.9720000624656676,90.0,-99,-99,-81,-99,-74,-99,-99,2
2.8410000801086426,4.565999984741211,0.9720000624656676,90.0,-99,-99,-80,-99,-63,-99,-99,2
2.8410000801086426,4.565999984741211,0.9720000624656676,90.0,-99,-99,-81,-99,-74,-99,-99,2
2.8410000801086426,4.565999984741211,0.9720000624656676,90.0,-99,-99,-99,-99,-63,-99,-99,2
2.8410000801086426,4.565999984741211,0.9720000624656676,90.0,-99,-99,-99,-99,-79,-99,-99,2
2.8410000801086426,4.565999984741211,0.9720000624656676,90.0,-99,-99,-99,-99,-74,-99,-99,2
2.8410000801086426,4.565999984741211,0.9720000624656676,90.0,-99,-99,-99,-99,-63,-99,-99,2
2.8410000801086426,4.565999984741211,0.9720000624656676,90.0,-99,-99,-99,-99,-79,-99,-99,2
2.8410000801086426,4.565999984741211,0.9720000624656676,90.0,-99,-99,-99,-99,-74,-99,-99,2
2.8410000801086426,4.565999984741211,0.9720000624656676,90.0,-99,-99,-99,-99,-63,-99,-99,2
2.8410000801086426,4.565999984741211,0.9720000624656676,90.0,-99,-99,-99,-99,-77,-99,-99,2
2.8410000801086426,4.565999984741211,0.9720000624656676,90.0,-99,-99,-99,-99,-74,-99,-99,2
2.8410000801086426,4.565999984741211,0.9720000624656676,90.0,-99,-99,-99,-99,-63,-99,-99,2
2.8410000801086426,4.565999984741211,0.9720000624656676,90.0,-99,-99,-99,-99,-78,-99,-99,2
2.8410000801086426,4.565999984741211,0.9720000624656676,90.0,-99,-99,-99,-99,-73,-99,-99,2
2.8410000801086426,4.565999984741211,0.9720000624656676,90.0,-99,-99,-99,-99,-62,-99,-99,2
2.8410000801086426,4.565999984741211,0.9720000624656676,90.0,-99,-99,-99,-99,-73,-99,-99,2
2.8410000801086426,4.565999984741211,0.9720000624656676,90.0,-99,-99,-99,-99,-62,-99,-99,2
2.8410000801086426,4.565999984741211,0.9720000624656676,90.0,-99,-99,-99,-99,-73,-99,-99,2
2.8410000801086426,4.565999984741211,0.9720000624656676,90.0,-99,-99,-99,-99,-63,-99,-99,2
2.8410000801086426,4.565999984741211,0.9720000624656676,90.0,-99,-99,-99,-99,-62,-99,-99,2
2.8410000801086426,4.565999984741211,0.9720000624656676,90.0,-99,-99,-99,-99,-74,-99,-99,2
2.8410000801086426,4.565999984741211,0.9720000624656676,90.0,-99,-99,-99,-99,-63,-99,-99,2
2.7899999618530287,4.638999938964844,1.003000020980835,90.0,-58,-76,-81,-83,-66,-71,-78,2
2.7899999618530287,4.638999938964844,1.003000020980835,90.0,-54,-75,-85,-84,-66,-70,-84,2
2.7899999618530287,4.638999938964844,1.003000020980835,90.0,-53,-75,-81,-87,-69,-70,-78,2
2.7899999618530287,4.638999938964844,1.003000020980835,90.0,-58,-79,-85,-82,-69,-70,-77,2
2.7899999618530287,4.638999938964844,1.003000020980835,90.0,-54,-72,-82,-84,-66,-70,-84,2
2.7899999618530287,4.638999938964844,1.003000020980835,90.0,-53,-75,-85,-87,-69,-70,-78,2
2.7899999618530287,4.638999938964844,1.003000020980835,90.0,-58,-79,-82,-83,-70,-70,-78,2
2.7899999618530287,4.638999938964844,1.003000020980835,90.0,-54,-71,-86,-84,-66,-70,-83,2
2.7899999618530287,4.638999938964844,1.003000020980835,90.0,-53,-76,-81,-87,-66,-70,-78,2
2.7899999618530287,4.638999938964844,1.003000020980835,90.0,-58,-69,-86,-83,-66,-70,-83,2
2.7899999618530287,4.638999938964844,1.003000020980835,90.0,-54,-70,-81,-85,-70,-70,-78,2
2.7899999618530287,4.638999938964844,1.003000020980835,90.0,-53,-68,-78,-87,-66,-80,-83,2
2.7899999618530287,4.638999938964844,1.003000020980835,90.0,-54,-69,-81,-82,-71,-72,-78,2
2.7899999618530287,4.638999938964844,1.003000020980835,90.0,-53,-70,-77,-84,-71,-73,-84,2
2.7899999618530287,4.638999938964844,1.003000020980835,90.0,-89,-68,-81,-87,-60,-81,-78,2
2.7899999618530287,4.638999938964844,1.003000020980835,90.0,-63,-69,-77,-82,-70,-73,-77,2
2.7899999618530287,4.638999938964844,1.003000020980835,90.0,-63,-70,-80,-86,-72,-75,-83,2
2.7899999618530287,4.638999938964844,1.003000020980835,90.0,-89,-68,-81,-80,-60,-82,-78,2
2.7899999618530287,4.638999938964844,1.003000020980835,90.0,-63,-69,-78,-78,-70,-73,-83,2
2.7899999618530287,4.638999938964844,1.003000020980835,90.0,-63,-70,-81,-86,-72,-75,-78,2
2.7899999618530287,4.638999938964844,1.003000020980835,90.0,-63,-68,-77,-79,-60,-82,-81,2
2.7899999618530287,4.638999938964844,1.003000020980835,90.0,-63,-69,-80,-78,-71,-73,-74,2
2.7899999618530287,4.638999938964844,1.003000020980835,90.0,-63,-69,-76,-79,-60,-75,-78,2
2.7899999618530287,4.638999938964844,1.003000020980835,90.0,-63,-70,-81,-77,-72,-74,-81,2
2.7899999618530287,4.638999938964844,1.003000020980835,90.0,-88,-69,-89,-86,-60,-74,-74,2
2.7899999618530287,4.638999938964844,1.003000020980835,90.0,-63,-69,-76,-79,-70,-73,-81,2
2.7899999618530287,4.638999938964844,1.003000020980835,90.0,-63,-70,-81,-77,-72,-74,-75,2
2.7899999618530287,4.638999938964844,1.003000020980835,90.0,-63,-68,-89,-86,-60,-79,-78,2
2.7899999618530287,4.638999938964844,1.003000020980835,90.0,-63,-69,-77,-80,-70,-71,-81,2
2.7899999618530287,4.638999938964844,1.003000020980835,90.0,-89,-70,-81,-77,-72,-75,-75,2
2.7899999618530287,4.638999938964844,1.003000020980835,90.0,-63,-68,-77,-86,-60,-79,-78,2
2.7899999618530287,4.638999938964844,1.003000020980835,90.0,-63,-69,-81,-79,-72,-71,-81,2
2.7899999618530287,4.638999938964844,1.003000020980835,90.0,-63,-69,-89,-77,-60,-75,-75,2
2.7899999618530287,4.638999938964844,1.003000020980835,90.0,-89,-69,-77,-86,-70,-73,-78,2
2.7899999618530287,4.638999938964844,1.003000020980835,90.0,-63,-70,-81,-80,-72,-75,-81,2
2.7899999618530287,4.638999938964844,1.003000020980835,90.0,-63,-69,-77,-78,-60,-83,-75,2
2.7899999618530287,4.638999938964844,1.003000020980835,90.0,-63,-69,-81,-86,-70,-72,-78,2
2.7899999618530287,4.638999938964844,1.003000020980835,90.0,-63,-70,-78,-79,-71,-75,-81,2
2.7899999618530287,4.638999938964844,1.003000020980835,90.0,-63,-69,-81,-78,-60,-84,-75,2
2.7899999618530287,4.638999938964844,1.003000020980835,90.0,-63,-68,-81,-79,-70,-72,-78,2
2.7899999618530287,4.638999938964844,1.003000020980835,90.0,-63,-70,-78,-77,-72,-74,-83,2
2.7899999618530287,4.638999938964844,1.003000020980835,90.0,-63,-68,-81,-80,-60,-83,-76,2
2.7899999618530287,4.638999938964844,1.003000020980835,90.0,-87,-71,-77,-77,-70,-71,-81,2
2.7899999618530287,4.638999938964844,1.003000020980835,90.0,-63,-68,-80,-86,-73,-76,-76,2
2.7899999618530287,4.638999938964844,1.003000020980835,90.0,-63,-69,-89,-80,-61,-84,-81,2
2.7899999618530287,4.638999938964844,1.003000020980835,90.0,-63,-70,-77,-78,-73,-72,-75,2
2.7899999618530287,4.638999938964844,1.003000020980835,90.0,-88,-68,-81,-79,-60,-75,-75,2
2.7899999618530287,4.638999938964844,1.003000020980835,90.0,-63,-68,-89,-77,-70,-84,-76,2
2.7899999618530287,4.638999938964844,1.003000020980835,90.0,-63,-70,-77,-77,-72,-72,-76,2
2.7899999618530287,4.638999938964844,1.003000020980835,90.0,-87,-68,-80,-86,-60,-75,-77,2
2.7899999618530287,4.638999938964844,1.003000020980835,90.0,-63,-69,-77,-80,-70,-83,-82,2
2.7899999618530287,4.638999938964844,1.003000020980835,90.0,-63,-71,-81,-77,-72,-72,-76,2
2.7899999618530287,4.638999938964844,1.003000020980835,90.0,-63,-68,-77,-86,-60,-75,-81,2
2.7899999618530287,4.638999938964844,1.003000020980835,90.0,-63,-68,-80,-80,-71,-84,-76,2
2.7899999618530287,4.638999938964844,1.003000020980835,90.0,-63,-70,-78,-77,-72,-73,-82,2
2.7899999618530287,4.638999938964844,1.003000020980835,90.0,-88,-68,-81,-86,-60,-74,-76,2
2.7899999618530287,4.638999938964844,1.003000020980835,90.0,-63,-69,-89,-79,-71,-85,-76,2
2.7899999618530287,4.638999938964844,1.003000020980835,90.0,-63,-70,-77,-77,-72,-72,-75,2
2.7899999618530287,4.638999938964844,1.003000020980835,90.0,-89,-69,-81,-77,-60,-75,-76,2
2.7899999618530287,4.638999938964844,1.003000020980835,90.0,-63,-70,-89,-86,-70,-84,-76,2
2.7899999618530287,4.638999938964844,1.003000020980835,90.0,-63,-68,-78,-79,-72,-72,-76,2
2.7899999618530287,4.638999938964844,1.003000020980835,90.0,-87,-69,-81,-78,-60,-74,-83,2
2.7899999618530287,4.638999938964844,1.003000020980835,90.0,-63,-70,-81,-86,-72,-72,-76,2
2.7899999618530287,4.638999938964844,1.003000020980835,90.0,-63,-68,-89,-80,-60,-75,-75,2
2.7899999618530287,4.638999938964844,1.003000020980835,90.0,-89,-69,-77,-88,-69,-72,-83,2
2.7899999618530287,4.638999938964844,1.003000020980835,90.0,-63,-70,-81,-79,-72,-76,-76,2
2.7899999618530287,4.638999938964844,1.003000020980835,90.0,-63,-68,-89,-78,-60,-81,-76,2
2.7899999618530287,4.638999938964844,1.003000020980835,90.0,-86,-69,-78,-78,-71,-72,-78,2
2.7899999618530287,4.638999938964844,1.003000020980835,90.0,-63,-71,-81,-88,-61,-76,-83,2
2.7899999618530287,4.638999938964844,1.003000020980835,90.0,-63,-68,-80,-80,-71,-72,-76,2
2.7899999618530287,4.638999938964844,1.003000020980835,90.0,-88,-69,-81,-77,-72,-75,-78,2
2.7899999618530287,4.638999938964844,1.003000020980835,90.0,-63,-71,-77,-88,-61,-72,-81,2
2.7899999618530287,4.638999938964844,1.003000020980835,90.0,-63,-68,-81,-80,-70,-76,-76,2
2.7899999618530287,4.638999938964844,1.003000020980835,90.0,-63,-70,-77,-79,-72,-71,-78,2
2.7899999618530287,4.638999938964844,1.003000020980835,90.0,-89,-68,-81,-88,-60,-74,-82,2
2.7899999618530287,4.638999938964844,1.003000020980835,90.0,-63,-68,-78,-79,-71,-80,-75,2
2.7899999618530287,4.638999938964844,1.003000020980835,90.0,-63,-68,-81,-78,-71,-71,-78,2
2.7899999618530287,4.638999938964844,1.003000020980835,90.0,-63,-71,-77,-87,-60,-74,-82,2
2.7899999618530287,4.638999938964844,1.003000020980835,90.0,-63,-68,-81,-79,-71,-81,-75,2
2.7899999618530287,4.638999938964844,1.003000020980835,90.0,-63,-70,-99,-78,-72,-72,-78,2
2.7899999618530287,4.638999938964844,1.003000020980835,90.0,-63,-68,-99,-78,-60,-76,-82,2
2.7899999618530287,4.638999938964844,1.003000020980835,90.0,-63,-71,-99,-77,-70,-79,-75,2
2.7899999618530287,4.638999938964844,1.003000020980835,90.0,-63,-68,-99,-89,-73,-71,-78,2
2.7899999618530287,4.638999938964844,1.003000020980835,90.0,-63,-68,-99,-80,-60,-75,-83,2
2.7899999618530287,4.638999938964844,1.003000020980835,90.0,-63,-71,-99,-77,-71,-81,-76,2
2.7899999618530287,4.638999938964844,1.003000020980835,90.0,-63,-68,-99,-87,-73,-73,-78,2
2.7899999618530287,4.638999938964844,1.003000020980835,90.0,-63,-69,-99,-80,-60,-74,-84,2
2.7899999618530287,4.638999938964844,1.003000020980835,90.0,-89,-71,-99,-78,-72,-72,-76,2
2.7899999618530287,4.638999938964844,1.003000020980835,90.0,-63,-68,-99,-78,-60,-74,-79,2
2.7899999618530287,4.638999938964844,1.003000020980835,90.0,-63,-71,-99,-77,-70,-83,-84,2
2.7899999618530287,4.638999938964844,1.003000020980835,90.0,-63,-69,-99,-85,-72,-71,-76,2
2.7899999618530287,4.638999938964844,1.003000020980835,90.0,-63,-69,-99,-80,-60,-75,-79,2
2.7899999618530287,4.638999938964844,1.003000020980835,90.0,-63,-71,-99,-78,-71,-79,-82,2
2.7899999618530287,4.638999938964844,1.003000020980835,90.0,-63,-68,-99,-86,-72,-71,-76,2
2.7899999618530287,4.638999938964844,1.003000020980835,90.0,-63,-70,-99,-80,-60,-75,-79,2
2.7899999618530287,4.638999938964844,1.003000020980835,90.0,-63,-68,-99,-77,-71,-81,-83,2
2.7899999618530287,4.638999938964844,1.003000020980835,90.0,-63,-71,-99,-99,-73,-72,-76,2
2.7899999618530287,4.638999938964844,1.003000020980835,90.0,-63,-68,-99,-99,-60,-76,-79,2
2.7899999618530287,4.638999938964844,1.003000020980835,90.0,-63,-70,-99,-99,-71,-80,-84,2
2.7899999618530287,4.638999938964844,1.003000020980835,90.0,-86,-68,-99,-99,-72,-72,-76,2
2.7899999618530287,4.638999938964844,1.003000020980835,90.0,-63,-70,-99,-99,-60,-76,-99,2
2.7899999618530287,4.638999938964844,1.003000020980835,90.0,-62,-68,-99,-99,-71,-81,-99,2
2.7899999618530287,4.638999938964844,1.003000020980835,90.0,-86,-69,-99,-99,-71,-72,-99,2
2.7899999618530287,4.638999938964844,1.003000020980835,90.0,-63,-70,-99,-99,-60,-76,-99,2
2.7899999618530287,4.638999938964844,1.003000020980835,90.0,-63,-68,-99,-99,-71,-80,-99,2
2.7899999618530287,4.638999938964844,1.003000020980835,90.0,-86,-99,-99,-99,-72,-72,-99,2
2.7899999618530287,4.638999938964844,1.003000020980835,90.0,-63,-99,-99,-99,-60,-76,-99,2
2.7899999618530287,4.638999938964844,1.003000020980835,90.0,-63,-99,-99,-99,-71,-71,-99,2
2.7899999618530287,4.638999938964844,1.003000020980835,90.0,-86,-99,-99,-99,-71,-76,-99,2
2.7899999618530287,4.638999938964844,1.003000020980835,90.0,-63,-99,-99,-99,-60,-99,-99,2
2.7899999618530287,4.638999938964844,1.003000020980835,90.0,-63,-99,-99,-99,-72,-99,-99,2
2.7899999618530287,4.638999938964844,1.003000020980835,90.0,-99,-99,-99,-99,-60,-99,-99,2
2.7899999618530287,4.638999938964844,1.003000020980835,90.0,-99,-99,-99,-99,-73,-99,-99,2
2.7899999618530287,4.638999938964844,1.003000020980835,90.0,-99,-99,-99,-99,-60,-99,-99,2
2.7899999618530287,4.638999938964844,1.003000020980835,90.0,-99,-99,-99,-99,-71,-99,-99,2
2.7899999618530287,4.638999938964844,1.003000020980835,90.0,-99,-99,-99,-99,-72,-99,-99,2
2.7899999618530287,4.638999938964844,1.003000020980835,90.0,-99,-99,-99,-99,-60,-99,-99,2
2.7899999618530287,4.638999938964844,1.003000020980835,90.0,-99,-99,-99,-99,-72,-99,-99,2
2.7899999618530287,4.638999938964844,1.003000020980835,90.0,-99,-99,-99,-99,-60,-99,-99,2
1.715999722480774,8.430000305175781,1.1619999408721924,90.0,-68,-56,-67,-81,-67,-64,-70,6
1.715999722480774,8.430000305175781,1.1619999408721924,90.0,-64,-55,-68,-76,-68,-58,-73,6
1.715999722480774,8.430000305175781,1.1619999408721924,90.0,-65,-55,-66,-74,-68,-56,-70,6
1.715999722480774,8.430000305175781,1.1619999408721924,90.0,-68,-56,-68,-81,-67,-64,-70,6
1.715999722480774,8.430000305175781,1.1619999408721924,90.0,-64,-55,-66,-74,-67,-58,-73,6
1.715999722480774,8.430000305175781,1.1619999408721924,90.0,-65,-55,-66,-81,-68,-56,-71,6
1.715999722480774,8.430000305175781,1.1619999408721924,90.0,-67,-56,-67,-81,-68,-64,-69,6
1.715999722480774,8.430000305175781,1.1619999408721924,90.0,-64,-56,-66,-74,-68,-58,-73,6
1.715999722480774,8.430000305175781,1.1619999408721924,90.0,-65,-55,-67,-81,-69,-56,-71,6
1.715999722480774,8.430000305175781,1.1619999408721924,90.0,-64,-58,-68,-77,-67,-64,-69,6
1.715999722480774,8.430000305175781,1.1619999408721924,90.0,-65,-59,-68,-74,-68,-58,-73,6
1.715999722480774,8.430000305175781,1.1619999408721924,90.0,-67,-55,-74,-79,-69,-56,-71,6
1.715999722480774,8.430000305175781,1.1619999408721924,90.0,-64,-59,-68,-76,-68,-64,-70,6
1.715999722480774,8.430000305175781,1.1619999408721924,90.0,-65,-59,-67,-80,-68,-58,-72,6
1.715999722480774,8.430000305175781,1.1619999408721924,90.0,-68,-55,-74,-76,-67,-56,-71,6
1.715999722480774,8.430000305175781,1.1619999408721924,90.0,-64,-59,-68,-76,-68,-64,-70,6
1.715999722480774,8.430000305175781,1.1619999408721924,90.0,-65,-55,-67,-79,-67,-58,-73,6
1.715999722480774,8.430000305175781,1.1619999408721924,90.0,-68,-59,-74,-80,-68,-56,-71,6
1.715999722480774,8.430000305175781,1.1619999408721924,90.0,-65,-55,-68,-76,-69,-58,-72,6
1.715999722480774,8.430000305175781,1.1619999408721924,90.0,-65,-59,-67,-79,-64,-56,-76,6
1.715999722480774,8.430000305175781,1.1619999408721924,90.0,-70,-55,-74,-76,-66,-68,-76,6
1.715999722480774,8.430000305175781,1.1619999408721924,90.0,-67,-59,-68,-80,-68,-65,-72,6
1.715999722480774,8.430000305175781,1.1619999408721924,90.0,-66,-55,-68,-76,-64,-57,-76,6
1.715999722480774,8.430000305175781,1.1619999408721924,90.0,-67,-59,-73,-80,-66,-68,-76,6
1.715999722480774,8.430000305175781,1.1619999408721924,90.0,-66,-55,-68,-76,-69,-66,-76,6
1.715999722480774,8.430000305175781,1.1619999408721924,90.0,-69,-59,-67,-76,-65,-57,-77,6
1.715999722480774,8.430000305175781,1.1619999408721924,90.0,-67,-55,-74,-76,-65,-68,-76,6
1.715999722480774,8.430000305175781,1.1619999408721924,90.0,-66,-55,-68,-75,-68,-66,-72,6
1.715999722480774,8.430000305175781,1.1619999408721924,90.0,-70,-58,-67,-80,-64,-57,-75,6
1.715999722480774,8.430000305175781,1.1619999408721924,90.0,-68,-59,-74,-75,-65,-68,-76,6
1.715999722480774,8.430000305175781,1.1619999408721924,90.0,-67,-55,-68,-76,-69,-66,-76,6
1.715999722480774,8.430000305175781,1.1619999408721924,90.0,-68,-55,-68,-80,-65,-57,-72,6
1.715999722480774,8.430000305175781,1.1619999408721924,90.0,-66,-59,-74,-76,-66,-67,-75,6
1.715999722480774,8.430000305175781,1.1619999408721924,90.0,-68,-55,-68,-80,-68,-66,-76,6
1.715999722480774,8.430000305175781,1.1619999408721924,90.0,-66,-58,-67,-76,-64,-57,-72,6
1.715999722480774,8.430000305175781,1.1619999408721924,90.0,-70,-59,-74,-76,-66,-68,-76,6
1.715999722480774,8.430000305175781,1.1619999408721924,90.0,-67,-55,-68,-80,-69,-66,-76,6
1.715999722480774,8.430000305175781,1.1619999408721924,90.0,-66,-58,-67,-76,-64,-57,-76,6
1.715999722480774,8.430000305175781,1.1619999408721924,90.0,-66,-59,-74,-79,-65,-68,-71,6
1.715999722480774,8.430000305175781,1.1619999408721924,90.0,-70,-55,-68,-76,-69,-66,-75,6
1.715999722480774,8.430000305175781,1.1619999408721924,90.0,-68,-58,-68,-79,-64,-57,-76,6
1.715999722480774,8.430000305175781,1.1619999408721924,90.0,-66,-59,-74,-76,-66,-68,-75,6
1.715999722480774,8.430000305175781,1.1619999408721924,90.0,-70,-55,-68,-79,-69,-66,-76,6
1.715999722480774,8.430000305175781,1.1619999408721924,90.0,-67,-58,-67,-76,-65,-57,-75,6
1.715999722480774,8.430000305175781,1.1619999408721924,90.0,-66,-59,-74,-76,-69,-68,-76,6
1.715999722480774,8.430000305175781,1.1619999408721924,90.0,-70,-55,-68,-79,-65,-66,-71,6
1.715999722480774,8.430000305175781,1.1619999408721924,90.0,-68,-58,-74,-76,-68,-57,-75,6
1.715999722480774,8.430000305175781,1.1619999408721924,90.0,-66,-59,-74,-79,-65,-68,-76,6
1.715999722480774,8.430000305175781,1.1619999408721924,90.0,-70,-55,-68,-76,-64,-66,-71,6
1.715999722480774,8.430000305175781,1.1619999408721924,90.0,-68,-58,-68,-75,-65,-57,-75,6
1.715999722480774,8.430000305175781,1.1619999408721924,90.0,-66,-59,-68,-79,-68,-68,-76,6
1.715999722480774,8.430000305175781,1.1619999408721924,90.0,-68,-55,-73,-76,-64,-66,-71,6
1.715999722480774,8.430000305175781,1.1619999408721924,90.0,-66,-58,-68,-79,-65,-57,-76,6
1.715999722480774,8.430000305175781,1.1619999408721924,90.0,-68,-59,-68,-76,-68,-68,-77,6
1.715999722480774,8.430000305175781,1.1619999408721924,90.0,-66,-55,-74,-79,-64,-66,-71,6
1.715999722480774,8.430000305175781,1.1619999408721924,90.0,-70,-58,-68,-75,-65,-57,-75,6
1.715999722480774,8.430000305175781,1.1619999408721924,90.0,-67,-59,-67,-76,-68,-67,-76,6
1.715999722480774,8.430000305175781,1.1619999408721924,90.0,-68,-55,-74,-76,-64,-66,-71,6
1.715999722480774,8.430000305175781,1.1619999408721924,90.0,-66,-58,-68,-76,-66,-57,-75,6
1.715999722480774,8.430000305175781,1.1619999408721924,90.0,-70,-59,-68,-80,-69,-67,-76,6
1.715999722480774,8.430000305175781,1.1619999408721924,90.0,-67,-55,-74,-76,-64,-66,-71,6
1.715999722480774,8.430000305175781,1.1619999408721924,90.0,-66,-58,-68,-75,-66,-57,-75,6
1.715999722480774,8.430000305175781,1.1619999408721924,90.0,-68,-59,-67,-79,-69,-67,-76,6
1.715999722480774,8.430000305175781,1.1619999408721924,90.0,-66,-55,-74,-76,-64,-66,-71,6
1.715999722480774,8.430000305175781,1.1619999408721924,90.0,-67,-58,-68,-80,-65,-57,-75,6
1.715999722480774,8.430000305175781,1.1619999408721924,90.0,-66,-59,-74,-76,-69,-67,-76,6
1.715999722480774,8.430000305175781,1.1619999408721924,90.0,-70,-55,-68,-80,-65,-65,-76,6
1.715999722480774,8.430000305175781,1.1619999408721924,90.0,-67,-58,-74,-76,-68,-57,-76,6
1.715999722480774,8.430000305175781,1.1619999408721924,90.0,-66,-59,-68,-79,-64,-68,-75,6
1.715999722480774,8.430000305175781,1.1619999408721924,90.0,-70,-55,-68,-75,-69,-65,-76,6
1.715999722480774,8.430000305175781,1.1619999408721924,90.0,-68,-58,-74,-99,-66,-57,-76,6
1.715999722480774,8.430000305175781,1.1619999408721924,90.0,-66,-59,-74,-99,-68,-68,-72,6
1.715999722480774,8.430000305175781,1.1619999408721924,90.0,-70,-59,-68,-99,-68,-65,-75,6
1.715999722480774,8.430000305175781,1.1619999408721924,90.0,-68,-54,-67,-99,-65,-57,-76,6
1.715999722480774,8.430000305175781,1.1619999408721924,90.0,-66,-59,-73,-99,-69,-67,-72,6
1.715999722480774,8.430000305175781,1.1619999408721924,90.0,-70,-54,-68,-99,-66,-65,-75,6
1.715999722480774,8.430000305175781,1.1619999408721924,90.0,-67,-59,-67,-99,-68,-57,-76,6
1.715999722480774,8.430000305175781,1.1619999408721924,90.0,-67,-55,-74,-99,-64,-68,-72,6
1.715999722480774,8.430000305175781,1.1619999408721924,90.0,-69,-58,-68,-99,-66,-66,-75,6
1.715999722480774,8.430000305175781,1.1619999408721924,90.0,-68,-59,-68,-99,-69,-57,-76,6
1.715999722480774,8.430000305175781,1.1619999408721924,90.0,-66,-55,-74,-99,-64,-68,-76,6
1.715999722480774,8.430000305175781,1.1619999408721924,90.0,-70,-59,-68,-99,-65,-66,-71,6
1.715999722480774,8.430000305175781,1.1619999408721924,90.0,-67,-55,-68,-99,-69,-57,-76,6
1.715999722480774,8.430000305175781,1.1619999408721924,90.0,-67,-59,-74,-99,-65,-68,-76,6
1.715999722480774,8.430000305175781,1.1619999408721924,90.0,-70,-55,-68,-99,-68,-66,-72,6
1.715999722480774,8.430000305175781,1.1619999408721924,90.0,-68,-58,-67,-99,-68,-57,-76,6
1.715999722480774,8.430000305175781,1.1619999408721924,90.0,-66,-59,-74,-99,-69,-68,-76,6
1.715999722480774,8.430000305175781,1.1619999408721924,90.0,-70,-55,-68,-99,-68,-66,-76,6
1.715999722480774,8.430000305175781,1.1619999408721924,90.0,-68,-59,-68,-99,-65,-57,-75,6
1.715999722480774,8.430000305175781,1.1619999408721924,90.0,-66,-55,-74,-99,-66,-68,-76,6
1.715999722480774,8.430000305175781,1.1619999408721924,90.0,-70,-59,-68,-99,-68,-66,-72,6
1.715999722480774,8.430000305175781,1.1619999408721924,90.0,-68,-55,-68,-99,-68,-57,-76,6
1.715999722480774,8.430000305175781,1.1619999408721924,90.0,-66,-59,-74,-99,-68,-68,-76,6
1.715999722480774,8.430000305175781,1.1619999408721924,90.0,-70,-55,-68,-99,-68,-66,-72,6
1.715999722480774,8.430000305175781,1.1619999408721924,90.0,-67,-59,-67,-99,-65,-56,-76,6
1.715999722480774,8.430000305175781,1.1619999408721924,90.0,-66,-55,-73,-99,-68,-66,-76,6
1.715999722480774,8.430000305175781,1.1619999408721924,90.0,-69,-58,-68,-99,-99,-57,-71,6
1.715999722480774,8.430000305175781,1.1619999408721924,90.0,-67,-59,-68,-99,-99,-68,-75,6
1.715999722480774,8.430000305175781,1.1619999408721924,90.0,-66,-55,-73,-99,-99,-66,-76,6
1.715999722480774,8.430000305175781,1.1619999408721924,90.0,-70,-55,-68,-99,-99,-57,-72,6
1.715999722480774,8.430000305175781,1.1619999408721924,90.0,-67,-59,-67,-99,-99,-68,-76,6
1.715999722480774,8.430000305175781,1.1619999408721924,90.0,-66,-58,-74,-99,-99,-66,-76,6
1.715999722480774,8.430000305175781,1.1619999408721924,90.0,-68,-59,-68,-99,-99,-57,-72,6
1.715999722480774,8.430000305175781,1.1619999408721924,90.0,-66,-55,-68,-99,-99,-68,-76,6
1.715999722480774,8.430000305175781,1.1619999408721924,90.0,-70,-99,-74,-99,-99,-66,-76,6
1.715999722480774,8.430000305175781,1.1619999408721924,90.0,-68,-99,-99,-99,-99,-57,-72,6
1.715999722480774,8.430000305175781,1.1619999408721924,90.0,-66,-99,-99,-99,-99,-65,-76,6
1.715999722480774,8.430000305175781,1.1619999408721924,90.0,-69,-99,-99,-99,-99,-57,-76,6
1.715999722480774,8.430000305175781,1.1619999408721924,90.0,-67,-99,-99,-99,-99,-68,-99,6
1.715999722480774,8.430000305175781,1.1619999408721924,90.0,-66,-99,-99,-99,-99,-66,-99,6
1.715999722480774,8.430000305175781,1.1619999408721924,90.0,-99,-99,-99,-99,-99,-57,-99,6
1.715999722480774,8.430000305175781,1.1619999408721924,90.0,-99,-99,-99,-99,-99,-67,-99,6
1.715999722480774,8.430000305175781,1.1619999408721924,90.0,-99,-99,-99,-99,-99,-66,-99,6
1.715999722480774,8.430000305175781,1.1619999408721924,90.0,-99,-99,-99,-99,-99,-57,-99,6
1.715999722480774,8.430000305175781,1.1619999408721924,90.0,-99,-99,-99,-99,-99,-67,-99,6
1.715999722480774,8.430000305175781,1.1619999408721924,90.0,-99,-99,-99,-99,-99,-66,-99,6
1.715999722480774,8.430000305175781,1.1619999408721924,90.0,-99,-99,-99,-99,-99,-57,-99,6
1.715999722480774,8.430000305175781,1.1619999408721924,90.0,-99,-99,-99,-99,-99,-68,-99,6
1.715999722480774,8.430000305175781,1.1619999408721924,90.0,-99,-99,-99,-99,-99,-66,-99,6
1.715999722480774,8.430000305175781,1.1619999408721924,90.0,-99,-99,-99,-99,-99,-57,-99,6
1.715999722480774,8.430000305175781,1.1619999408721924,90.0,-99,-99,-99,-99,-99,-67,-99,6
1.715999722480774,8.430000305175781,1.1619999408721924,90.0,-99,-99,-99,-99,-99,-65,-99,6
1.715999722480774,8.430000305175781,1.1619999408721924,90.0,-99,-99,-99,-99,-99,-57,-99,6
1.715999722480774,8.430000305175781,1.1619999408721924,90.0,-99,-99,-99,-99,-99,-68,-99,6
1.715999722480774,8.430000305175781,1.1619999408721924,90.0,-99,-99,-99,-99,-99,-65,-99,6
1.715999722480774,8.430000305175781,1.1619999408721924,90.0,-99,-99,-99,-99,-99,-57,-99,6
1.715999722480774,8.430000305175781,1.1619999408721924,90.0,-99,-99,-99,-99,-99,-68,-99,6
1.715999722480774,8.430000305175781,1.1619999408721924,90.0,-99,-99,-99,-99,-99,-66,-99,6
1.715999722480774,8.430000305175781,1.1619999408721924,90.0,-99,-99,-99,-99,-99,-57,-99,6
1.715999722480774,8.430000305175781,1.1619999408721924,90.0,-99,-99,-99,-99,-99,-68,-99,6
1.715999722480774,8.430000305175781,1.1619999408721924,90.0,-99,-99,-99,-99,-99,-66,-99,6
1.715999722480774,8.430000305175781,1.1619999408721924,90.0,-99,-99,-99,-99,-99,-57,-99,6
1.715999722480774,8.430000305175781,1.1619999408721924,90.0,-99,-99,-99,-99,-99,-57,-99,6
1.715999722480774,8.430000305175781,1.1619999408721924,90.0,-99,-99,-99,-99,-99,-68,-99,6
1.715999722480774,8.430000305175781,1.1619999408721924,90.0,-99,-99,-99,-99,-99,-66,-99,6
1.715999722480774,8.430000305175781,1.1619999408721924,90.0,-99,-99,-99,-99,-99,-57,-99,6
1.715999722480774,8.430000305175781,1.1619999408721924,90.0,-99,-99,-99,-99,-99,-66,-99,6
1.715999722480774,8.430000305175781,1.1619999408721924,90.0,-99,-99,-99,-99,-99,-57,-99,6
2.351999998092652,11.510000228881836,0.9520000219345092,90.0,-70,-71,-59,-89,-72,-78,-66,9
2.351999998092652,11.510000228881836,0.9520000219345092,90.0,-76,-74,-59,-75,-68,-71,-62,9
2.351999998092652,11.510000228881836,0.9520000219345092,90.0,-76,-72,-63,-79,-72,-65,-70,9
2.351999998092652,11.510000228881836,0.9520000219345092,90.0,-70,-70,-59,-75,-72,-79,-66,9
2.351999998092652,11.510000228881836,0.9520000219345092,90.0,-70,-74,-59,-78,-68,-72,-62,9
2.351999998092652,11.510000228881836,0.9520000219345092,90.0,-75,-71,-64,-89,-71,-65,-70,9
2.351999998092652,11.510000228881836,0.9520000219345092,90.0,-70,-74,-59,-75,-68,-72,-62,9
2.351999998092652,11.510000228881836,0.9520000219345092,90.0,-70,-74,-59,-79,-72,-65,-70,9
2.351999998092652,11.510000228881836,0.9520000219345092,90.0,-76,-72,-63,-89,-72,-79,-62,9
2.351999998092652,11.510000228881836,0.9520000219345092,90.0,-70,-70,-59,-75,-68,-71,-70,9
2.351999998092652,11.510000228881836,0.9520000219345092,90.0,-70,-74,-59,-79,-71,-65,-66,9
2.351999998092652,11.510000228881836,0.9520000219345092,90.0,-76,-72,-63,-74,-67,-79,-62,9
2.351999998092652,11.510000228881836,0.9520000219345092,90.0,-76,-77,-59,-79,-68,-72,-70,9
2.351999998092652,11.510000228881836,0.9520000219345092,90.0,-75,-70,-59,-89,-72,-64,-67,9
2.351999998092652,11.510000228881836,0.9520000219345092,90.0,-72,-73,-63,-74,-67,-66,-65,9
2.351999998092652,11.510000228881836,0.9520000219345092,90.0,-76,-77,-59,-78,-68,-70,-66,9
2.351999998092652,11.510000228881836,0.9520000219345092,90.0,-75,-69,-63,-89,-72,-66,-65,9
2.351999998092652,11.510000228881836,0.9520000219345092,90.0,-75,-76,-59,-75,-67,-67,-66,9
2.351999998092652,11.510000228881836,0.9520000219345092,90.0,-76,-69,-63,-79,-68,-70,-67,9
2.351999998092652,11.510000228881836,0.9520000219345092,90.0,-75,-72,-70,-89,-72,-66,-64,9
2.351999998092652,11.510000228881836,0.9520000219345092,90.0,-76,-76,-63,-72,-67,-67,-66,9
2.351999998092652,11.510000228881836,0.9520000219345092,90.0,-75,-69,-64,-72,-68,-66,-67,9
2.351999998092652,11.510000228881836,0.9520000219345092,90.0,-72,-73,-70,-73,-71,-66,-64,9
2.351999998092652,11.510000228881836,0.9520000219345092,90.0,-75,-76,-63,-73,-67,-70,-66,9
2.351999998092652,11.510000228881836,0.9520000219345092,90.0,-76,-69,-64,-73,-68,-66,-67,9
2.351999998092652,11.510000228881836,0.9520000219345092,90.0,-72,-73,-69,-71,-72,-67,-64,9
2.351999998092652,11.510000228881836,0.9520000219345092,90.0,-76,-77,-63,-74,-67,-70,-66,9
2.351999998092652,11.510000228881836,0.9520000219345092,90.0,-76,-70,-64,-72,-68,-66,-68,9
2.351999998092652,11.510000228881836,0.9520000219345092,90.0,-72,-73,-70,-71,-72,-67,-65,9
2.351999998092652,11.510000228881836,0.9520000219345092,90.0,-75,-77,-63,-73,-67,-66,-66,9
2.351999998092652,11.510000228881836,0.9520000219345092,90.0,-74,-69,-64,-73,-68,-66,-65,9
2.351999998092652,11.510000228881836,0.9520000219345092,90.0,-72,-73,-63,-72,-72,-70,-66,9
2.351999998092652,11.510000228881836,0.9520000219345092,90.0,-75,-77,-65,-74,-68,-66,-67,9
2.351999998092652,11.510000228881836,0.9520000219345092,90.0,-75,-69,-70,-72,-68,-67,-64,9
2.351999998092652,11.510000228881836,0.9520000219345092,90.0,-72,-72,-63,-72,-72,-70,-66,9
2.351999998092652,11.510000228881836,0.9520000219345092,90.0,-75,-76,-64,-73,-67,-66,-67,9
2.351999998092652,11.510000228881836,0.9520000219345092,90.0,-74,-69,-63,-72,-68,-66,-64,9
2.351999998092652,11.510000228881836,0.9520000219345092,90.0,-72,-76,-64,-72,-72,-70,-66,9
2.351999998092652,11.510000228881836,0.9520000219345092,90.0,-76,-70,-70,-74,-67,-66,-67,9
2.351999998092652,11.510000228881836,0.9520000219345092,90.0,-74,-69,-63,-72,-68,-67,-65,9
2.351999998092652,11.510000228881836,0.9520000219345092,90.0,-72,-69,-65,-71,-72,-70,-66,9
2.351999998092652,11.510000228881836,0.9520000219345092,90.0,-76,-70,-64,-74,-67,-66,-64,9
2.351999998092652,11.510000228881836,0.9520000219345092,90.0,-75,-69,-63,-72,-68,-67,-66,9
2.351999998092652,11.510000228881836,0.9520000219345092,90.0,-72,-69,-64,-72,-72,-70,-67,9
2.351999998092652,11.510000228881836,0.9520000219345092,90.0,-75,-70,-69,-73,-67,-66,-65,9
2.351999998092652,11.510000228881836,0.9520000219345092,90.0,-72,-77,-63,-73,-68,-66,-66,9
2.351999998092652,11.510000228881836,0.9520000219345092,90.0,-75,-69,-65,-71,-71,-70,-67,9
2.351999998092652,11.510000228881836,0.9520000219345092,90.0,-75,-72,-69,-73,-67,-66,-65,9
2.351999998092652,11.510000228881836,0.9520000219345092,90.0,-72,-77,-63,-71,-68,-67,-66,9
2.351999998092652,11.510000228881836,0.9520000219345092,90.0,-76,-69,-64,-73,-72,-70,-67,9
2.351999998092652,11.510000228881836,0.9520000219345092,90.0,-75,-76,-69,-72,-72,-66,-65,9
2.351999998092652,11.510000228881836,0.9520000219345092,90.0,-72,-69,-63,-73,-67,-66,-66,9
2.351999998092652,11.510000228881836,0.9520000219345092,90.0,-76,-73,-65,-71,-68,-70,-68,9
2.351999998092652,11.510000228881836,0.9520000219345092,90.0,-75,-77,-70,-74,-72,-66,-64,9
2.351999998092652,11.510000228881836,0.9520000219345092,90.0,-76,-70,-63,-71,-67,-66,-66,9
2.351999998092652,11.510000228881836,0.9520000219345092,90.0,-75,-77,-65,-74,-68,-70,-67,9
2.351999998092652,11.510000228881836,0.9520000219345092,90.0,-72,-69,-63,-72,-72,-66,-65,9
2.351999998092652,11.510000228881836,0.9520000219345092,90.0,-75,-73,-64,-74,-67,-66,-66,9
2.351999998092652,11.510000228881836,0.9520000219345092,90.0,-75,-77,-70,-73,-68,-70,-67,9
2.351999998092652,11.510000228881836,0.9520000219345092,90.0,-72,-69,-63,-72,-72,-66,-64,9
2.351999998092652,11.510000228881836,0.9520000219345092,90.0,-75,-72,-65,-71,-67,-67,-66,9
2.351999998092652,11.510000228881836,0.9520000219345092,90.0,-75,-77,-70,-73,-68,-70,-68,9
2.351999998092652,11.510000228881836,0.9520000219345092,90.0,-72,-69,-63,-71,-72,-66,-65,9
2.351999998092652,11.510000228881836,0.9520000219345092,90.0,-75,-72,-64,-73,-67,-66,-66,9
2.351999998092652,11.510000228881836,0.9520000219345092,90.0,-76,-77,-70,-72,-68,-70,-67,9
2.351999998092652,11.510000228881836,0.9520000219345092,90.0,-72,-69,-63,-72,-72,-66,-64,9
2.351999998092652,11.510000228881836,0.9520000219345092,90.0,-75,-72,-64,-73,-68,-67,-66,9
2.351999998092652,11.510000228881836,0.9520000219345092,90.0,-76,-77,-70,-72,-71,-70,-67,9
2.351999998092652,11.510000228881836,0.9520000219345092,90.0,-72,-69,-63,-72,-68,-66,-64,9
2.351999998092652,11.510000228881836,0.9520000219345092,90.0,-75,-72,-64,-74,-68,-66,-66,9
2.351999998092652,11.510000228881836,0.9520000219345092,90.0,-75,-77,-70,-73,-71,-69,-64,9
2.351999998092652,11.510000228881836,0.9520000219345092,90.0,-72,-70,-63,-72,-67,-66,-66,9
2.351999998092652,11.510000228881836,0.9520000219345092,90.0,-76,-73,-64,-72,-68,-67,-64,9
2.351999998092652,11.510000228881836,0.9520000219345092,90.0,-75,-77,-70,-72,-72,-70,-66,9
2.351999998092652,11.510000228881836,0.9520000219345092,90.0,-72,-69,-63,-73,-68,-66,-64,9
2.351999998092652,11.510000228881836,0.9520000219345092,90.0,-75,-72,-65,-72,-68,-66,-66,9
2.351999998092652,11.510000228881836,0.9520000219345092,90.0,-75,-77,-70,-72,-72,-70,-65,9
2.351999998092652,11.510000228881836,0.9520000219345092,90.0,-72,-70,-63,-73,-67,-66,-66,9
2.351999998092652,11.510000228881836,0.9520000219345092,90.0,-75,-72,-64,-73,-68,-67,-66,9
2.351999998092652,11.510000228881836,0.9520000219345092,90.0,-76,-77,-70,-72,-72,-66,-66,9
2.351999998092652,11.510000228881836,0.9520000219345092,90.0,-72,-69,-63,-73,-67,-67,-67,9
2.351999998092652,11.510000228881836,0.9520000219345092,90.0,-76,-72,-65,-72,-68,-70,-65,9
2.351999998092652,11.510000228881836,0.9520000219345092,90.0,-75,-77,-70,-71,-71,-66,-66,9
2.351999998092652,11.510000228881836,0.9520000219345092,90.0,-72,-69,-63,-73,-67,-67,-66,9
2.351999998092652,11.510000228881836,0.9520000219345092,90.0,-75,-72,-64,-72,-68,-69,-67,9
2.351999998092652,11.510000228881836,0.9520000219345092,90.0,-76,-77,-70,-73,-72,-65,-64,9
2.351999998092652,11.510000228881836,0.9520000219345092,90.0,-72,-70,-63,-72,-67,-66,-66,9
2.351999998092652,11.510000228881836,0.9520000219345092,90.0,-75,-73,-65,-71,-68,-70,-66,9
2.351999998092652,11.510000228881836,0.9520000219345092,90.0,-75,-77,-64,-73,-72,-66,-66,9
2.351999998092652,11.510000228881836,0.9520000219345092,90.0,-72,-69,-69,-72,-67,-67,-67,9
2.351999998092652,11.510000228881836,0.9520000219345092,90.0,-75,-72,-63,-72,-68,-70,-64,9
2.351999998092652,11.510000228881836,0.9520000219345092,90.0,-74,-77,-64,-74,-72,-66,-66,9
2.351999998092652,11.510000228881836,0.9520000219345092,90.0,-72,-69,-70,-73,-68,-67,-66,9
2.351999998092652,11.510000228881836,0.9520000219345092,90.0,-75,-72,-63,-72,-68,-70,-67,9
2.351999998092652,11.510000228881836,0.9520000219345092,90.0,-75,-77,-65,-73,-72,-66,-64,9
2.351999998092652,11.510000228881836,0.9520000219345092,90.0,-72,-69,-70,-73,-67,-67,-66,9
2.351999998092652,11.510000228881836,0.9520000219345092,90.0,-76,-72,-63,-72,-68,-70,-64,9
2.351999998092652,11.510000228881836,0.9520000219345092,90.0,-75,-77,-64,-73,-72,-66,-66,9
2.351999998092652,11.510000228881836,0.9520000219345092,90.0,-72,-69,-69,-72,-67,-67,-67,9
2.351999998092652,11.510000228881836,0.9520000219345092,90.0,-75,-73,-63,-72,-68,-66,-64,9
2.351999998092652,11.510000228881836,0.9520000219345092,90.0,-75,-77,-65,-73,-72,-67,-66,9
2.351999998092652,11.510000228881836,0.9520000219345092,90.0,-72,-69,-63,-73,-67,-66,-67,9
2.351999998092652,11.510000228881836,0.9520000219345092,90.0,-75,-99,-65,-71,-68,-66,-65,9
2.351999998092652,11.510000228881836,0.9520000219345092,90.0,-74,-99,-70,-74,-72,-70,-66,9
2.351999998092652,11.510000228881836,0.9520000219345092,90.0,-99,-99,-63,-73,-67,-66,-67,9
2.351999998092652,11.510000228881836,0.9520000219345092,90.0,-99,-99,-64,-71,-68,-67,-65,9
2.351999998092652,11.510000228881836,0.9520000219345092,90.0,-99,-99,-70,-73,-72,-70,-66,9
2.351999998092652,11.510000228881836,0.9520000219345092,90.0,-99,-99,-63,-72,-67,-66,-67,9
2.351999998092652,11.510000228881836,0.9520000219345092,90.0,-99,-99,-65,-71,-68,-66,-64,9
2.351999998092652,11.510000228881836,0.9520000219345092,90.0,-99,-99,-69,-74,-72,-70,-66,9
2.351999998092652,11.510000228881836,0.9520000219345092,90.0,-99,-99,-63,-99,-67,-66,-67,9
2.351999998092652,11.510000228881836,0.9520000219345092,90.0,-99,-99,-64,-99,-68,-66,-64,9
2.351999998092652,11.510000228881836,0.9520000219345092,90.0,-99,-99,-99,-99,-72,-70,-66,9
2.351999998092652,11.510000228881836,0.9520000219345092,90.0,-99,-99,-99,-99,-68,-66,-67,9
2.351999998092652,11.510000228881836,0.9520000219345092,90.0,-99,-99,-99,-99,-68,-66,-64,9
2.351999998092652,11.510000228881836,0.9520000219345092,90.0,-99,-99,-99,-99,-72,-70,-66,9
2.351999998092652,11.510000228881836,0.9520000219345092,90.0,-99,-99,-99,-99,-67,-65,-67,9
2.351999998092652,11.510000228881836,0.9520000219345092,90.0,-99,-99,-99,-99,-68,-99,-65,9
2.351999998092652,11.510000228881836,0.9520000219345092,90.0,-99,-99,-99,-99,-72,-99,-66,9
2.351999998092652,11.510000228881836,0.9520000219345092,90.0,-99,-99,-99,-99,-67,-99,-99,9
2.351999998092652,11.510000228881836,0.9520000219345092,90.0,-99,-99,-99,-99,-68,-99,-99,9
2.351999998092652,11.510000228881836,0.9520000219345092,90.0,-99,-99,-99,-99,-72,-99,-99,9
2.351999998092652,11.510000228881836,0.9520000219345092,90.0,-99,-99,-99,-99,-67,-99,-99,9
2.351999998092652,11.510000228881836,0.9520000219345092,90.0,-99,-99,-99,-99,-68,-99,-99,9
2.351999998092652,11.510000228881836,0.9520000219345092,90.0,-99,-99,-99,-99,-72,-99,-99,9
2.351999998092652,11.510000228881836,0.9520000219345092,90.0,-99,-99,-99,-99,-67,-99,-99,9
2.351999998092652,11.510000228881836,0.9520000219345092,90.0,-99,-99,-99,-99,-68,-99,-99,9
2.351999998092652,11.510000228881836,0.9520000219345092,90.0,-99,-99,-99,-99,-72,-99,-99,9
1.2769999504089355,13.794000625610352,1.2929999828338623,90.0,-71,-74,-70,-61,-78,-84,-65,11
1.2769999504089355,13.794000625610352,1.2929999828338623,90.0,-70,-72,-68,-63,-79,-76,-66,11
1.2769999504089355,13.794000625610352,1.2929999828338623,90.0,-71,-74,-71,-69,-85,-79,-65,11
1.2769999504089355,13.794000625610352,1.2929999828338623,90.0,-70,-72,-70,-63,-78,-75,-59,11
1.2769999504089355,13.794000625610352,1.2929999828338623,90.0,-72,-72,-68,-69,-78,-79,-66,11
1.2769999504089355,13.794000625610352,1.2929999828338623,90.0,-71,-74,-71,-63,-84,-76,-65,11
1.2769999504089355,13.794000625610352,1.2929999828338623,90.0,-70,-72,-69,-69,-77,-81,-59,11
1.2769999504089355,13.794000625610352,1.2929999828338623,90.0,-71,-74,-68,-63,-78,-76,-66,11
1.2769999504089355,13.794000625610352,1.2929999828338623,90.0,-71,-72,-71,-69,-84,-79,-65,11
1.2769999504089355,13.794000625610352,1.2929999828338623,90.0,-70,-74,-69,-63,-78,-76,-59,11
1.2769999504089355,13.794000625610352,1.2929999828338623,90.0,-71,-72,-68,-69,-78,-76,-66,11
1.2769999504089355,13.794000625610352,1.2929999828338623,90.0,-71,-89,-72,-61,-83,-76,-65,11
1.2769999504089355,13.794000625610352,1.2929999828338623,90.0,-70,-72,-68,-63,-78,-79,-59,11
1.2769999504089355,13.794000625610352,1.2929999828338623,90.0,-72,-89,-72,-69,-79,-75,-66,11
1.2769999504089355,13.794000625610352,1.2929999828338623,90.0,-72,-72,-70,-61,-84,-77,-65,11
1.2769999504089355,13.794000625610352,1.2929999828338623,90.0,-72,-72,-68,-63,-78,-79,-59,11
1.2769999504089355,13.794000625610352,1.2929999828338623,90.0,-72,-72,-71,-68,-79,-76,-66,11
1.2769999504089355,13.794000625610352,1.2929999828338623,90.0,-72,-89,-68,-59,-84,-79,-65,11
1.2769999504089355,13.794000625610352,1.2929999828338623,90.0,-72,-72,-71,-60,-77,-76,-58,11
1.2769999504089355,13.794000625610352,1.2929999828338623,90.0,-72,-84,-65,-60,-74,-79,-59,11
1.2769999504089355,13.794000625610352,1.2929999828338623,90.0,-72,-89,-63,-59,-77,-76,-58,11
1.2769999504089355,13.794000625610352,1.2929999828338623,90.0,-72,-72,-61,-60,-76,-80,-58,11
1.2769999504089355,13.794000625610352,1.2929999828338623,90.0,-72,-72,-63,-60,-74,-75,-59,11
1.2769999504089355,13.794000625610352,1.2929999828338623,90.0,-72,-84,-61,-59,-78,-76,-58,11
1.2769999504089355,13.794000625610352,1.2929999828338623,90.0,-72,-89,-63,-60,-77,-79,-58,11
1.2769999504089355,13.794000625610352,1.2929999828338623,90.0,-72,-72,-61,-60,-74,-75,-59,11
1.2769999504089355,13.794000625610352,1.2929999828338623,90.0,-72,-84,-63,-59,-77,-76,-58,11
1.2769999504089355,13.794000625610352,1.2929999828338623,90.0,-72,-89,-61,-60,-77,-79,-58,11
1.2769999504089355,13.794000625610352,1.2929999828338623,90.0,-72,-72,-63,-60,-74,-75,-59,11
1.2769999504089355,13.794000625610352,1.2929999828338623,90.0,-72,-84,-61,-59,-78,-76,-58,11
1.2769999504089355,13.794000625610352,1.2929999828338623,90.0,-72,-89,-65,-60,-76,-79,-58,11
1.2769999504089355,13.794000625610352,1.2929999828338623,90.0,-72,-72,-63,-60,-74,-75,-59,11
1.2769999504089355,13.794000625610352,1.2929999828338623,90.0,-72,-84,-61,-60,-77,-76,-58,11
1.2769999504089355,13.794000625610352,1.2929999828338623,90.0,-72,-71,-65,-60,-74,-80,-58,11
1.2769999504089355,13.794000625610352,1.2929999828338623,90.0,-72,-85,-63,-60,-77,-76,-59,11
1.2769999504089355,13.794000625610352,1.2929999828338623,90.0,-72,-89,-61,-60,-74,-76,-58,11
1.2769999504089355,13.794000625610352,1.2929999828338623,90.0,-72,-72,-61,-60,-77,-79,-58,11
1.2769999504089355,13.794000625610352,1.2929999828338623,90.0,-72,-72,-65,-60,-74,-76,-59,11
1.2769999504089355,13.794000625610352,1.2929999828338623,90.0,-72,-84,-63,-60,-77,-76,-58,11
1.2769999504089355,13.794000625610352,1.2929999828338623,90.0,-72,-89,-61,-60,-76,-79,-58,11
1.2769999504089355,13.794000625610352,1.2929999828338623,90.0,-72,-72,-65,-60,-75,-76,-59,11
1.2769999504089355,13.794000625610352,1.2929999828338623,90.0,-72,-84,-63,-60,-77,-79,-58,11
1.2769999504089355,13.794000625610352,1.2929999828338623,90.0,-72,-89,-61,-60,-76,-76,-58,11
1.2769999504089355,13.794000625610352,1.2929999828338623,90.0,-72,-72,-61,-60,-74,-80,-59,11
1.2769999504089355,13.794000625610352,1.2929999828338623,90.0,-72,-84,-65,-60,-78,-76,-58,11
1.2769999504089355,13.794000625610352,1.2929999828338623,90.0,-72,-72,-63,-60,-74,-80,-58,11
1.2769999504089355,13.794000625610352,1.2929999828338623,90.0,-72,-72,-61,-60,-78,-75,-59,11
1.2769999504089355,13.794000625610352,1.2929999828338623,90.0,-72,-84,-61,-60,-74,-80,-58,11
1.2769999504089355,13.794000625610352,1.2929999828338623,90.0,-72,-89,-61,-60,-77,-76,-58,11
1.2769999504089355,13.794000625610352,1.2929999828338623,90.0,-72,-72,-65,-60,-75,-76,-58,11
1.2769999504089355,13.794000625610352,1.2929999828338623,90.0,-72,-89,-63,-59,-78,-79,-59,11
1.2769999504089355,13.794000625610352,1.2929999828338623,90.0,-72,-72,-61,-60,-76,-76,-58,11
1.2769999504089355,13.794000625610352,1.2929999828338623,90.0,-72,-89,-61,-60,-75,-80,-58,11
1.2769999504089355,13.794000625610352,1.2929999828338623,90.0,-72,-72,-61,-59,-77,-76,-59,11
1.2769999504089355,13.794000625610352,1.2929999828338623,90.0,-72,-72,-61,-60,-74,-77,-58,11
1.2769999504089355,13.794000625610352,1.2929999828338623,90.0,-72,-85,-65,-60,-78,-79,-58,11
1.2769999504089355,13.794000625610352,1.2929999828338623,90.0,-72,-72,-63,-59,-75,-76,-60,11
1.2769999504089355,13.794000625610352,1.2929999828338623,90.0,-72,-72,-61,-60,-78,-77,-58,11
1.2769999504089355,13.794000625610352,1.2929999828338623,90.0,-72,-72,-65,-60,-77,-80,-59,11
1.2769999504089355,13.794000625610352,1.2929999828338623,90.0,-72,-72,-63,-59,-75,-76,-58,11
1.2769999504089355,13.794000625610352,1.2929999828338623,90.0,-72,-72,-61,-60,-77,-77,-59,11
1.2769999504089355,13.794000625610352,1.2929999828338623,90.0,-72,-85,-65,-60,-77,-79,-58,11
1.2769999504089355,13.794000625610352,1.2929999828338623,90.0,-72,-72,-63,-60,-74,-76,-60,11
1.2769999504089355,13.794000625610352,1.2929999828338623,90.0,-72,-72,-61,-60,-78,-77,-58,11
1.2769999504089355,13.794000625610352,1.2929999828338623,90.0,-72,-72,-63,-59,-77,-79,-60,11
1.2769999504089355,13.794000625610352,1.2929999828338623,90.0,-72,-72,-61,-60,-74,-76,-58,11
1.2769999504089355,13.794000625610352,1.2929999828338623,90.0,-72,-85,-63,-60,-78,-77,-60,11
1.2769999504089355,13.794000625610352,1.2929999828338623,90.0,-72,-89,-61,-59,-77,-79,-58,11
1.2769999504089355,13.794000625610352,1.2929999828338623,90.0,-72,-72,-65,-60,-74,-76,-58,11
1.2769999504089355,13.794000625610352,1.2929999828338623,90.0,-72,-89,-63,-60,-78,-77,-60,11
1.2769999504089355,13.794000625610352,1.2929999828338623,90.0,-72,-72,-61,-59,-74,-80,-58,11
1.2769999504089355,13.794000625610352,1.2929999828338623,90.0,-72,-88,-63,-60,-77,-75,-58,11
1.2769999504089355,13.794000625610352,1.2929999828338623,90.0,-72,-72,-61,-60,-74,-77,-60,11
1.2769999504089355,13.794000625610352,1.2929999828338623,90.0,-72,-72,-63,-59,-77,-79,-58,11
1.2769999504089355,13.794000625610352,1.2929999828338623,90.0,-72,-72,-61,-60,-74,-76,-58,11
1.2769999504089355,13.794000625610352,1.2929999828338623,90.0,-72,-99,-65,-60,-78,-77,-59,11
1.2769999504089355,13.794000625610352,1.2929999828338623,90.0,-72,-99,-63,-59,-77,-76,-58,11
1.2769999504089355,13.794000625610352,1.2929999828338623,90.0,-72,-99,-61,-60,-74,-78,-59,11
1.2769999504089355,13.794000625610352,1.2929999828338623,90.0,-72,-99,-65,-60,-78,-79,-58,11
1.2769999504089355,13.794000625610352,1.2929999828338623,90.0,-72,-99,-63,-59,-77,-75,-58,11
1.2769999504089355,13.794000625610352,1.2929999828338623,90.0,-72,-99,-61,-60,-75,-77,-59,11
1.2769999504089355,13.794000625610352,1.2929999828338623,90.0,-72,-99,-65,-60,-78,-79,-58,11
1.2769999504089355,13.794000625610352,1.2929999828338623,90.0,-72,-99,-63,-59,-77,-76,-58,11
1.2769999504089355,13.794000625610352,1.2929999828338623,90.0,-72,-99,-61,-60,-74,-76,-59,11
1.2769999504089355,13.794000625610352,1.2929999828338623,90.0,-72,-99,-63,-60,-77,-80,-58,11
1.2769999504089355,13.794000625610352,1.2929999828338623,90.0,-72,-99,-61,-59,-77,-76,-58,11
1.2769999504089355,13.794000625610352,1.2929999828338623,90.0,-72,-99,-63,-60,-74,-77,-58,11
1.2769999504089355,13.794000625610352,1.2929999828338623,90.0,-72,-99,-61,-60,-78,-81,-59,11
1.2769999504089355,13.794000625610352,1.2929999828338623,90.0,-72,-99,-65,-59,-78,-76,-58,11
1.2769999504089355,13.794000625610352,1.2929999828338623,90.0,-72,-99,-63,-60,-74,-99,-59,11
1.2769999504089355,13.794000625610352,1.2929999828338623,90.0,-72,-99,-61,-60,-77,-99,-58,11
1.2769999504089355,13.794000625610352,1.2929999828338623,90.0,-72,-99,-65,-59,-74,-99,-59,11
1.2769999504089355,13.794000625610352,1.2929999828338623,90.0,-72,-99,-63,-60,-77,-99,-58,11
1.2769999504089355,13.794000625610352,1.2929999828338623,90.0,-72,-99,-61,-60,-77,-99,-58,11
1.2769999504089355,13.794000625610352,1.2929999828338623,90.0,-72,-99,-99,-60,-74,-99,-59,11
1.2769999504089355,13.794000625610352,1.2929999828338623,90.0,-72,-99,-99,-60,-78,-99,-58,11
1.2769999504089355,13.794000625610352,1.2929999828338623,90.0,-72,-99,-99,-60,-77,-99,-58,11
1.2769999504089355,13.794000625610352,1.2929999828338623,90.0,-72,-99,-99,-59,-75,-99,-59,11
1.2769999504089355,13.794000625610352,1.2929999828338623,90.0,-72,-99,-99,-59,-78,-99,-58,11
1.2769999504089355,13.794000625610352,1.2929999828338623,90.0,-72,-99,-99,-60,-77,-99,-59,11
1.2769999504089355,13.794000625610352,1.2929999828338623,90.0,-99,-99,-99,-59,-74,-99,-58,11
1.2769999504089355,13.794000625610352,1.2929999828338623,90.0,-99,-99,-99,-59,-78,-99,-58,11
1.2769999504089355,13.794000625610352,1.2929999828338623,90.0,-99,-99,-99,-60,-77,-99,-59,11
1.2769999504089355,13.794000625610352,1.2929999828338623,90.0,-99,-99,-99,-99,-74,-99,-58,11
1.2769999504089355,13.794000625610352,1.2929999828338623,90.0,-99,-99,-99,-99,-78,-99,-58,11
1.2769999504089355,13.794000625610352,1.2929999828338623,90.0,-99,-99,-99,-99,-99,-99,-59,11
1.2769999504089355,13.794000625610352,1.2929999828338623,90.0,-99,-99,-99,-99,-99,-99,-58,11
1.2769999504089355,13.794000625610352,1.2929999828338623,90.0,-99,-99,-99,-99,-99,-99,-58,11
1.2769999504089355,13.794000625610352,1.2929999828338623,90.0,-99,-99,-99,-99,-99,-99,-59,11
1.2769999504089355,13.794000625610352,1.2929999828338623,90.0,-99,-99,-99,-99,-99,-99,-58,11
1.2769999504089355,13.794000625610352,1.2929999828338623,90.0,-99,-99,-99,-99,-99,-99,-58,11
1.2769999504089355,13.794000625610352,1.2929999828338623,90.0,-99,-99,-99,-99,-99,-99,-59,11
1.2769999504089355,13.794000625610352,1.2929999828338623,90.0,-99,-99,-99,-99,-99,-99,-58,11
1.2769999504089355,13.794000625610352,1.2929999828338623,90.0,-99,-99,-99,-99,-99,-99,-59,11
1.2769999504089355,13.794000625610352,1.2929999828338623,90.0,-99,-99,-99,-99,-99,-99,-58,11
1.9139997959136963,16.224000930786133,1.2610000371932983,90.0,-76,-69,-68,-63,-80,-78,-71,12
1.9139997959136963,16.224000930786133,1.2610000371932983,90.0,-74,-71,-69,-63,-76,-78,-69,12
1.9139997959136963,16.224000930786133,1.2610000371932983,90.0,-74,-71,-68,-61,-76,-74,-71,12
1.9139997959136963,16.224000930786133,1.2610000371932983,90.0,-74,-69,-69,-63,-81,-77,-69,12
1.9139997959136963,16.224000930786133,1.2610000371932983,90.0,-76,-71,-68,-63,-76,-78,-72,12
1.9139997959136963,16.224000930786133,1.2610000371932983,90.0,-74,-71,-69,-61,-76,-74,-69,12
1.9139997959136963,16.224000930786133,1.2610000371932983,90.0,-74,-69,-68,-63,-80,-79,-71,12
1.9139997959136963,16.224000930786133,1.2610000371932983,90.0,-76,-72,-69,-63,-76,-74,-69,12
1.9139997959136963,16.224000930786133,1.2610000371932983,90.0,-74,-71,-69,-61,-76,-77,-71,12
1.9139997959136963,16.224000930786133,1.2610000371932983,90.0,-74,-70,-68,-63,-81,-78,-69,12
1.9139997959136963,16.224000930786133,1.2610000371932983,90.0,-78,-72,-69,-61,-77,-74,-71,12
1.9139997959136963,16.224000930786133,1.2610000371932983,90.0,-79,-70,-68,-63,-76,-78,-69,12
1.9139997959136963,16.224000930786133,1.2610000371932983,90.0,-76,-72,-69,-61,-81,-74,-71,12
1.9139997959136963,16.224000930786133,1.2610000371932983,90.0,-79,-74,-70,-63,-76,-77,-70,12
1.9139997959136963,16.224000930786133,1.2610000371932983,90.0,-76,-71,-68,-61,-76,-78,-72,12
1.9139997959136963,16.224000930786133,1.2610000371932983,90.0,-77,-73,-69,-63,-77,-73,-68,12
1.9139997959136963,16.224000930786133,1.2610000371932983,90.0,-79,-74,-70,-63,-76,-70,-69,12
1.9139997959136963,16.224000930786133,1.2610000371932983,90.0,-76,-71,-68,-61,-80,-85,-72,12
1.9139997959136963,16.224000930786133,1.2610000371932983,90.0,-78,-73,-70,-63,-73,-77,-68,12
1.9139997959136963,16.224000930786133,1.2610000371932983,90.0,-76,-73,-69,-63,-74,-70,-68,12
1.9139997959136963,16.224000930786133,1.2610000371932983,90.0,-79,-72,-70,-61,-79,-85,-71,12
1.9139997959136963,16.224000930786133,1.2610000371932983,90.0,-76,-74,-68,-61,-73,-78,-68,12
1.9139997959136963,16.224000930786133,1.2610000371932983,90.0,-77,-70,-72,-63,-74,-70,-69,12
1.9139997959136963,16.224000930786133,1.2610000371932983,90.0,-79,-72,-70,-60,-79,-78,-72,12
1.9139997959136963,16.224000930786133,1.2610000371932983,90.0,-76,-73,-69,-62,-73,-70,-68,12
1.9139997959136963,16.224000930786133,1.2610000371932983,90.0,-79,-74,-72,-63,-75,-78,-69,12
1.9139997959136963,16.224000930786133,1.2610000371932983,90.0,-76,-70,-70,-60,-73,-70,-72,12
1.9139997959136963,16.224000930786133,1.2610000371932983,90.0,-78,-72,-69,-61,-75,-84,-68,12
1.9139997959136963,16.224000930786133,1.2610000371932983,90.0,-79,-70,-72,-63,-79,-78,-69,12
1.9139997959136963,16.224000930786133,1.2610000371932983,90.0,-76,-73,-70,-60,-73,-70,-71,12
1.9139997959136963,16.224000930786133,1.2610000371932983,90.0,-77,-71,-69,-61,-74,-84,-68,12
1.9139997959136963,16.224000930786133,1.2610000371932983,90.0,-79,-73,-72,-63,-79,-78,-69,12
1.9139997959136963,16.224000930786133,1.2610000371932983,90.0,-76,-71,-70,-60,-73,-70,-71,12
1.9139997959136963,16.224000930786133,1.2610000371932983,90.0,-77,-72,-69,-62,-74,-84,-68,12
1.9139997959136963,16.224000930786133,1.2610000371932983,90.0,-79,-74,-72,-63,-74,-78,-68,12
1.9139997959136963,16.224000930786133,1.2610000371932983,90.0,-76,-70,-70,-60,-79,-70,-72,12
1.9139997959136963,16.224000930786133,1.2610000371932983,90.0,-79,-72,-68,-61,-73,-85,-71,12
1.9139997959136963,16.224000930786133,1.2610000371932983,90.0,-77,-70,-72,-62,-74,-78,-68,12
1.9139997959136963,16.224000930786133,1.2610000371932983,90.0,-79,-73,-70,-60,-79,-70,-72,12
1.9139997959136963,16.224000930786133,1.2610000371932983,90.0,-76,-74,-68,-61,-73,-85,-68,12
1.9139997959136963,16.224000930786133,1.2610000371932983,90.0,-79,-71,-72,-63,-79,-78,-71,12
1.9139997959136963,16.224000930786133,1.2610000371932983,90.0,-76,-73,-70,-60,-73,-70,-68,12
1.9139997959136963,16.224000930786133,1.2610000371932983,90.0,-77,-74,-69,-63,-74,-85,-69,12
1.9139997959136963,16.224000930786133,1.2610000371932983,90.0,-79,-70,-72,-60,-79,-78,-71,12
1.9139997959136963,16.224000930786133,1.2610000371932983,90.0,-76,-73,-70,-61,-73,-70,-68,12
1.9139997959136963,16.224000930786133,1.2610000371932983,90.0,-77,-74,-69,-63,-74,-84,-68,12
1.9139997959136963,16.224000930786133,1.2610000371932983,90.0,-79,-70,-72,-60,-79,-77,-71,12
1.9139997959136963,16.224000930786133,1.2610000371932983,90.0,-76,-73,-70,-62,-73,-70,-68,12
1.9139997959136963,16.224000930786133,1.2610000371932983,90.0,-77,-74,-68,-63,-79,-85,-69,12
1.9139997959136963,16.224000930786133,1.2610000371932983,90.0,-79,-70,-72,-61,-73,-78,-71,12
1.9139997959136963,16.224000930786133,1.2610000371932983,90.0,-76,-73,-70,-61,-74,-70,-68,12
1.9139997959136963,16.224000930786133,1.2610000371932983,90.0,-77,-74,-69,-63,-79,-85,-71,12
1.9139997959136963,16.224000930786133,1.2610000371932983,90.0,-79,-70,-72,-61,-74,-86,-68,12
1.9139997959136963,16.224000930786133,1.2610000371932983,90.0,-76,-73,-70,-61,-74,-77,-68,12
1.9139997959136963,16.224000930786133,1.2610000371932983,90.0,-77,-70,-69,-60,-79,-70,-69,12
1.9139997959136963,16.224000930786133,1.2610000371932983,90.0,-79,-73,-72,-63,-73,-84,-71,12
1.9139997959136963,16.224000930786133,1.2610000371932983,90.0,-76,-74,-72,-60,-74,-78,-68,12
1.9139997959136963,16.224000930786133,1.2610000371932983,90.0,-79,-71,-72,-61,-79,-70,-68,12
1.9139997959136963,16.224000930786133,1.2610000371932983,90.0,-76,-73,-70,-61,-73,-85,-71,12
1.9139997959136963,16.224000930786133,1.2610000371932983,90.0,-77,-74,-69,-63,-74,-77,-68,12
1.9139997959136963,16.224000930786133,1.2610000371932983,90.0,-79,-71,-72,-60,-80,-70,-69,12
1.9139997959136963,16.224000930786133,1.2610000371932983,90.0,-76,-73,-68,-61,-74,-77,-72,12
1.9139997959136963,16.224000930786133,1.2610000371932983,90.0,-79,-71,-72,-63,-74,-70,-68,12
1.9139997959136963,16.224000930786133,1.2610000371932983,90.0,-76,-73,-70,-60,-73,-85,-69,12
1.9139997959136963,16.224000930786133,1.2610000371932983,90.0,-78,-74,-68,-63,-74,-78,-71,12
1.9139997959136963,16.224000930786133,1.2610000371932983,90.0,-79,-71,-72,-60,-74,-70,-68,12
1.9139997959136963,16.224000930786133,1.2610000371932983,90.0,-76,-72,-70,-63,-74,-77,-69,12
1.9139997959136963,16.224000930786133,1.2610000371932983,90.0,-77,-70,-69,-60,-74,-70,-71,12
1.9139997959136963,16.224000930786133,1.2610000371932983,90.0,-79,-73,-72,-62,-74,-85,-68,12
1.9139997959136963,16.224000930786133,1.2610000371932983,90.0,-76,-74,-69,-63,-74,-76,-69,12
1.9139997959136963,16.224000930786133,1.2610000371932983,90.0,-79,-71,-72,-60,-79,-70,-71,12
1.9139997959136963,16.224000930786133,1.2610000371932983,90.0,-76,-73,-70,-63,-73,-84,-68,12
1.9139997959136963,16.224000930786133,1.2610000371932983,90.0,-79,-71,-68,-60,-74,-77,-68,12
1.9139997959136963,16.224000930786133,1.2610000371932983,90.0,-76,-73,-72,-63,-80,-70,-71,12
1.9139997959136963,16.224000930786133,1.2610000371932983,90.0,-79,-74,-70,-60,-73,-84,-68,12
1.9139997959136963,16.224000930786133,1.2610000371932983,90.0,-76,-71,-68,-60,-74,-77,-69,12
1.9139997959136963,16.224000930786133,1.2610000371932983,90.0,-79,-73,-72,-63,-73,-70,-71,12
1.9139997959136963,16.224000930786133,1.2610000371932983,90.0,-76,-70,-68,-60,-74,-77,-68,12
1.9139997959136963,16.224000930786133,1.2610000371932983,90.0,-79,-72,-72,-63,-79,-70,-69,12
1.9139997959136963,16.224000930786133,1.2610000371932983,90.0,-76,-71,-68,-60,-73,-84,-71,12
1.9139997959136963,16.224000930786133,1.2610000371932983,90.0,-78,-73,-72,-61,-74,-77,-68,12
1.9139997959136963,16.224000930786133,1.2610000371932983,90.0,-78,-74,-70,-63,-79,-70,-71,12
1.9139997959136963,16.224000930786133,1.2610000371932983,90.0,-76,-71,-69,-60,-73,-79,-68,12
1.9139997959136963,16.224000930786133,1.2610000371932983,90.0,-77,-73,-72,-61,-75,-70,-71,12
1.9139997959136963,16.224000930786133,1.2610000371932983,90.0,-79,-70,-70,-63,-79,-70,-68,12
1.9139997959136963,16.224000930786133,1.2610000371932983,90.0,-76,-73,-69,-60,-73,-85,-68,12
1.9139997959136963,16.224000930786133,1.2610000371932983,90.0,-78,-74,-72,-62,-74,-77,-71,12
1.9139997959136963,16.224000930786133,1.2610000371932983,90.0,-79,-71,-70,-63,-78,-70,-68,12
1.9139997959136963,16.224000930786133,1.2610000371932983,90.0,-76,-72,-69,-60,-73,-84,-68,12
1.9139997959136963,16.224000930786133,1.2610000371932983,90.0,-77,-74,-72,-63,-74,-77,-72,12
1.9139997959136963,16.224000930786133,1.2610000371932983,90.0,-79,-70,-70,-60,-79,-70,-68,12
1.9139997959136963,16.224000930786133,1.2610000371932983,90.0,-76,-73,-68,-61,-73,-84,-69,12
1.9139997959136963,16.224000930786133,1.2610000371932983,90.0,-78,-74,-72,-63,-75,-77,-71,12
1.9139997959136963,16.224000930786133,1.2610000371932983,90.0,-79,-70,-69,-60,-73,-70,-68,12
1.9139997959136963,16.224000930786133,1.2610000371932983,90.0,-76,-73,-72,-63,-75,-84,-69,12
1.9139997959136963,16.224000930786133,1.2610000371932983,90.0,-77,-74,-70,-60,-74,-78,-71,12
1.9139997959136963,16.224000930786133,1.2610000371932983,90.0,-79,-70,-68,-63,-99,-70,-68,12
1.9139997959136963,16.224000930786133,1.2610000371932983,90.0,-76,-72,-72,-61,-99,-79,-68,12
1.9139997959136963,16.224000930786133,1.2610000371932983,90.0,-99,-99,-72,-60,-99,-70,-71,12
1.9139997959136963,16.224000930786133,1.2610000371932983,90.0,-99,-99,-72,-63,-99,-85,-68,12
1.9139997959136963,16.224000930786133,1.2610000371932983,90.0,-99,-99,-69,-60,-99,-77,-69,12
1.9139997959136963,16.224000930786133,1.2610000371932983,90.0,-99,-99,-72,-61,-99,-70,-71,12
1.9139997959136963,16.224000930786133,1.2610000371932983,90.0,-99,-99,-68,-63,-99,-86,-68,12
1.9139997959136963,16.224000930786133,1.2610000371932983,90.0,-99,-99,-72,-60,-99,-78,-72,12
1.9139997959136963,16.224000930786133,1.2610000371932983,90.0,-99,-99,-68,-61,-99,-70,-68,12
1.9139997959136963,16.224000930786133,1.2610000371932983,90.0,-99,-99,-72,-63,-99,-70,-71,12
1.9139997959136963,16.224000930786133,1.2610000371932983,90.0,-99,-99,-68,-60,-99,-99,-68,12
1.9139997959136963,16.224000930786133,1.2610000371932983,90.0,-99,-99,-72,-61,-99,-99,-99,12
1.9139997959136963,16.224000930786133,1.2610000371932983,90.0,-99,-99,-69,-63,-99,-99,-99,12
1.9139997959136963,16.224000930786133,1.2610000371932983,90.0,-99,-99,-72,-60,-99,-99,-99,12
1.9139997959136963,16.224000930786133,1.2610000371932983,90.0,-99,-99,-68,-61,-99,-99,-99,12
1.9139997959136963,16.224000930786133,1.2610000371932983,90.0,-99,-99,-72,-63,-99,-99,-99,12
1.9139997959136963,16.224000930786133,1.2610000371932983,90.0,-99,-99,-72,-60,-99,-99,-99,12
1.9139997959136963,16.224000930786133,1.2610000371932983,90.0,-99,-99,-99,-61,-99,-99,-99,12
1.9139997959136963,16.224000930786133,1.2610000371932983,90.0,-99,-99,-99,-63,-99,-99,-99,12
1.9139997959136963,16.224000930786133,1.2610000371932983,90.0,-99,-99,-99,-60,-99,-99,-99,12
